"id","X","tag_plate","location","value","PID","timepoint","PID_timepoint","empty_well"
"Plate_1_A10",72,"Plate_1","A10","61217_001_C12_D29_A10","61217_001","C12_D29","61217_001_C12_D29",FALSE
"Plate_1_A11",80,"Plate_1","A11","61217_001_C12_D29_A11","61217_001","C12_D29","61217_001_C12_D29",FALSE
"Plate_1_A12",88,"Plate_1","A12","61217_001_C12_D29_A12","61217_001","C12_D29","61217_001_C12_D29",FALSE
"Plate_1_A1",0,"Plate_1","A1","61217_001_C12_D29_A1","61217_001","C12_D29","61217_001_C12_D29",FALSE
"Plate_1_A2",8,"Plate_1","A2","61217_001_C12_D29_A2","61217_001","C12_D29","61217_001_C12_D29",FALSE
"Plate_1_A3",16,"Plate_1","A3","61217_001_C12_D29_A3","61217_001","C12_D29","61217_001_C12_D29",FALSE
"Plate_1_A4",24,"Plate_1","A4","61217_001_C12_D29_A4","61217_001","C12_D29","61217_001_C12_D29",FALSE
"Plate_1_A5",32,"Plate_1","A5","61217_001_C12_D29_A5","61217_001","C12_D29","61217_001_C12_D29",FALSE
"Plate_1_A6",40,"Plate_1","A6","61217_001_C12_D29_A6","61217_001","C12_D29","61217_001_C12_D29",FALSE
"Plate_1_A7",48,"Plate_1","A7","61217_001_C12_D29_A7","61217_001","C12_D29","61217_001_C12_D29",FALSE
"Plate_1_A8",56,"Plate_1","A8","61217_001_C12_D29_A8","61217_001","C12_D29","61217_001_C12_D29",FALSE
"Plate_1_A9",64,"Plate_1","A9","61217_001_C12_D29_A9","61217_001","C12_D29","61217_001_C12_D29",FALSE
"Plate_1_B10",73,"Plate_1","B10","61217_001_C12_D29_B10","61217_001","C12_D29","61217_001_C12_D29",FALSE
"Plate_1_B11",81,"Plate_1","B11","61217_001_C12_D29_B11","61217_001","C12_D29","61217_001_C12_D29",FALSE
"Plate_1_B12",89,"Plate_1","B12","61217_001_C12_D29_B12","61217_001","C12_D29","61217_001_C12_D29",FALSE
"Plate_1_B1",1,"Plate_1","B1","61217_001_C12_D29_B1","61217_001","C12_D29","61217_001_C12_D29",FALSE
"Plate_1_B2",9,"Plate_1","B2","61217_001_C12_D29_B2","61217_001","C12_D29","61217_001_C12_D29",FALSE
"Plate_1_B3",17,"Plate_1","B3","61217_001_C12_D29_B3","61217_001","C12_D29","61217_001_C12_D29",TRUE
"Plate_1_B4",25,"Plate_1","B4","61217_001_C12_D29_B4","61217_001","C12_D29","61217_001_C12_D29",FALSE
"Plate_1_B5",33,"Plate_1","B5","61217_001_C12_D29_B5","61217_001","C12_D29","61217_001_C12_D29",FALSE
"Plate_1_B6",41,"Plate_1","B6","61217_001_C12_D29_B6","61217_001","C12_D29","61217_001_C12_D29",FALSE
"Plate_1_B7",49,"Plate_1","B7","61217_001_C12_D29_B7","61217_001","C12_D29","61217_001_C12_D29",TRUE
"Plate_1_B8",57,"Plate_1","B8","61217_001_C12_D29_B8","61217_001","C12_D29","61217_001_C12_D29",FALSE
"Plate_1_B9",65,"Plate_1","B9","61217_001_C12_D29_B9","61217_001","C12_D29","61217_001_C12_D29",FALSE
"Plate_1_C10",74,"Plate_1","C10","61217_001_C12_D29_C10","61217_001","C12_D29","61217_001_C12_D29",FALSE
"Plate_1_C11",82,"Plate_1","C11","61217_001_C12_D29_C11","61217_001","C12_D29","61217_001_C12_D29",FALSE
"Plate_1_C12",90,"Plate_1","C12","61217_001_C12_D29_C12","61217_001","C12_D29","61217_001_C12_D29",FALSE
"Plate_1_C1",2,"Plate_1","C1","61217_001_C12_D29_C1","61217_001","C12_D29","61217_001_C12_D29",FALSE
"Plate_1_C2",10,"Plate_1","C2","61217_001_C12_D29_C2","61217_001","C12_D29","61217_001_C12_D29",FALSE
"Plate_1_C3",18,"Plate_1","C3","61217_001_C12_D29_C3","61217_001","C12_D29","61217_001_C12_D29",FALSE
"Plate_1_C4",26,"Plate_1","C4","61217_001_C12_D29_C4","61217_001","C12_D29","61217_001_C12_D29",FALSE
"Plate_1_C5",34,"Plate_1","C5","61217_001_C12_D29_C5","61217_001","C12_D29","61217_001_C12_D29",FALSE
"Plate_1_C6",42,"Plate_1","C6","61217_001_C12_D29_C6","61217_001","C12_D29","61217_001_C12_D29",FALSE
"Plate_1_C7",50,"Plate_1","C7","61217_001_C12_D29_C7","61217_001","C12_D29","61217_001_C12_D29",FALSE
"Plate_1_C8",58,"Plate_1","C8","61217_001_C12_D29_C8","61217_001","C12_D29","61217_001_C12_D29",FALSE
"Plate_1_C9",66,"Plate_1","C9","61217_001_C12_D29_C9","61217_001","C12_D29","61217_001_C12_D29",FALSE
"Plate_1_D10",75,"Plate_1","D10","61217_001_C12_D29_D10","61217_001","C12_D29","61217_001_C12_D29",FALSE
"Plate_1_D11",83,"Plate_1","D11","61217_001_C12_D29_D11","61217_001","C12_D29","61217_001_C12_D29",FALSE
"Plate_1_D12",91,"Plate_1","D12","61217_001_C12_D29_D12","61217_001","C12_D29","61217_001_C12_D29",FALSE
"Plate_1_D1",3,"Plate_1","D1","61217_001_C12_D29_D1","61217_001","C12_D29","61217_001_C12_D29",FALSE
"Plate_1_D2",11,"Plate_1","D2","61217_001_C12_D29_D2","61217_001","C12_D29","61217_001_C12_D29",FALSE
"Plate_1_D3",19,"Plate_1","D3","61217_001_C12_D29_D3","61217_001","C12_D29","61217_001_C12_D29",FALSE
"Plate_1_D4",27,"Plate_1","D4","61217_001_C12_D29_D4","61217_001","C12_D29","61217_001_C12_D29",FALSE
"Plate_1_D5",35,"Plate_1","D5","61217_001_C12_D29_D5","61217_001","C12_D29","61217_001_C12_D29",FALSE
"Plate_1_D6",43,"Plate_1","D6","61217_001_C12_D29_D6","61217_001","C12_D29","61217_001_C12_D29",FALSE
"Plate_1_D7",51,"Plate_1","D7","61217_001_C12_D29_D7","61217_001","C12_D29","61217_001_C12_D29",FALSE
"Plate_1_D8",59,"Plate_1","D8","61217_001_C12_D29_D8","61217_001","C12_D29","61217_001_C12_D29",FALSE
"Plate_1_D9",67,"Plate_1","D9","61217_001_C12_D29_D9","61217_001","C12_D29","61217_001_C12_D29",FALSE
"Plate_1_E10",76,"Plate_1","E10","61217_001_C12_D29_E10","61217_001","C12_D29","61217_001_C12_D29",FALSE
"Plate_1_E11",84,"Plate_1","E11","61217_001_C12_D29_E11","61217_001","C12_D29","61217_001_C12_D29",FALSE
"Plate_1_E12",92,"Plate_1","E12","61217_001_C12_D29_E12","61217_001","C12_D29","61217_001_C12_D29",FALSE
"Plate_1_E1",4,"Plate_1","E1","61217_001_C12_D29_E1","61217_001","C12_D29","61217_001_C12_D29",TRUE
"Plate_1_E2",12,"Plate_1","E2","61217_001_C12_D29_E2","61217_001","C12_D29","61217_001_C12_D29",FALSE
"Plate_1_E3",20,"Plate_1","E3","61217_001_C12_D29_E3","61217_001","C12_D29","61217_001_C12_D29",FALSE
"Plate_1_E4",28,"Plate_1","E4","61217_001_C12_D29_E4","61217_001","C12_D29","61217_001_C12_D29",FALSE
"Plate_1_E5",36,"Plate_1","E5","61217_001_C12_D29_E5","61217_001","C12_D29","61217_001_C12_D29",TRUE
"Plate_1_E6",44,"Plate_1","E6","61217_001_C12_D29_E6","61217_001","C12_D29","61217_001_C12_D29",FALSE
"Plate_1_E7",52,"Plate_1","E7","61217_001_C12_D29_E7","61217_001","C12_D29","61217_001_C12_D29",FALSE
"Plate_1_E8",60,"Plate_1","E8","61217_001_C12_D29_E8","61217_001","C12_D29","61217_001_C12_D29",FALSE
"Plate_1_E9",68,"Plate_1","E9","61217_001_C12_D29_E9","61217_001","C12_D29","61217_001_C12_D29",FALSE
"Plate_1_F10",77,"Plate_1","F10","61217_001_C12_D29_F10","61217_001","C12_D29","61217_001_C12_D29",FALSE
"Plate_1_F11",85,"Plate_1","F11","61217_001_C12_D29_F11","61217_001","C12_D29","61217_001_C12_D29",FALSE
"Plate_1_F12",93,"Plate_1","F12","61217_001_C12_D29_F12","61217_001","C12_D29","61217_001_C12_D29",FALSE
"Plate_1_F1",5,"Plate_1","F1","61217_001_C12_D29_F1","61217_001","C12_D29","61217_001_C12_D29",FALSE
"Plate_1_F2",13,"Plate_1","F2","61217_001_C12_D29_F2","61217_001","C12_D29","61217_001_C12_D29",FALSE
"Plate_1_F3",21,"Plate_1","F3","61217_001_C12_D29_F3","61217_001","C12_D29","61217_001_C12_D29",FALSE
"Plate_1_F4",29,"Plate_1","F4","61217_001_C12_D29_F4","61217_001","C12_D29","61217_001_C12_D29",FALSE
"Plate_1_F5",37,"Plate_1","F5","61217_001_C12_D29_F5","61217_001","C12_D29","61217_001_C12_D29",FALSE
"Plate_1_F6",45,"Plate_1","F6","61217_001_C12_D29_F6","61217_001","C12_D29","61217_001_C12_D29",FALSE
"Plate_1_F7",53,"Plate_1","F7","61217_001_C12_D29_F7","61217_001","C12_D29","61217_001_C12_D29",FALSE
"Plate_1_F8",61,"Plate_1","F8","61217_001_C12_D29_F8","61217_001","C12_D29","61217_001_C12_D29",FALSE
"Plate_1_F9",69,"Plate_1","F9","61217_001_C12_D29_F9","61217_001","C12_D29","61217_001_C12_D29",FALSE
"Plate_1_G10",78,"Plate_1","G10","61217_001_C12_D29_G10","61217_001","C12_D29","61217_001_C12_D29",FALSE
"Plate_1_G11",86,"Plate_1","G11","61217_001_C12_D29_G11","61217_001","C12_D29","61217_001_C12_D29",FALSE
"Plate_1_G12",94,"Plate_1","G12","61217_001_C12_D29_G12","61217_001","C12_D29","61217_001_C12_D29",FALSE
"Plate_1_G1",6,"Plate_1","G1","61217_001_C12_D29_G1","61217_001","C12_D29","61217_001_C12_D29",FALSE
"Plate_1_G2",14,"Plate_1","G2","61217_001_C12_D29_G2","61217_001","C12_D29","61217_001_C12_D29",FALSE
"Plate_1_G3",22,"Plate_1","G3","61217_001_C12_D29_G3","61217_001","C12_D29","61217_001_C12_D29",FALSE
"Plate_1_G4",30,"Plate_1","G4","61217_001_C12_D29_G4","61217_001","C12_D29","61217_001_C12_D29",FALSE
"Plate_1_G5",38,"Plate_1","G5","61217_001_C12_D29_G5","61217_001","C12_D29","61217_001_C12_D29",FALSE
"Plate_1_G6",46,"Plate_1","G6","61217_001_C12_D29_G6","61217_001","C12_D29","61217_001_C12_D29",FALSE
"Plate_1_G7",54,"Plate_1","G7","61217_001_C12_D29_G7","61217_001","C12_D29","61217_001_C12_D29",FALSE
"Plate_1_G8",62,"Plate_1","G8","61217_001_C12_D29_G8","61217_001","C12_D29","61217_001_C12_D29",FALSE
"Plate_1_G9",70,"Plate_1","G9","61217_001_C12_D29_G9","61217_001","C12_D29","61217_001_C12_D29",FALSE
"Plate_1_H10",79,"Plate_1","H10","61217_001_C12_D29_H10","61217_001","C12_D29","61217_001_C12_D29",FALSE
"Plate_1_H11",87,"Plate_1","H11","61217_001_C12_D29_H11","61217_001","C12_D29","61217_001_C12_D29",FALSE
"Plate_1_H12",95,"Plate_1","H12","61217_001_C12_D29_H12","61217_001","C12_D29","61217_001_C12_D29",FALSE
"Plate_1_H1",7,"Plate_1","H1","61217_001_C12_D29_H1","61217_001","C12_D29","61217_001_C12_D29",FALSE
"Plate_1_H2",15,"Plate_1","H2","61217_001_C12_D29_H2","61217_001","C12_D29","61217_001_C12_D29",FALSE
"Plate_1_H3",23,"Plate_1","H3","61217_001_C12_D29_H3","61217_001","C12_D29","61217_001_C12_D29",FALSE
"Plate_1_H4",31,"Plate_1","H4","61217_001_C12_D29_H4","61217_001","C12_D29","61217_001_C12_D29",FALSE
"Plate_1_H5",39,"Plate_1","H5","61217_001_C12_D29_H5","61217_001","C12_D29","61217_001_C12_D29",FALSE
"Plate_1_H6",47,"Plate_1","H6","61217_001_C12_D29_H6","61217_001","C12_D29","61217_001_C12_D29",FALSE
"Plate_1_H7",55,"Plate_1","H7","61217_001_C12_D29_H7","61217_001","C12_D29","61217_001_C12_D29",FALSE
"Plate_1_H8",63,"Plate_1","H8","61217_001_C12_D29_H8","61217_001","C12_D29","61217_001_C12_D29",FALSE
"Plate_1_H9",71,"Plate_1","H9","61217_001_C12_D29_H9","61217_001","C12_D29","61217_001_C12_D29",FALSE
"Plate_2_A10",168,"Plate_2","A10","HSA0830_A10","HSA0830","HSA","HSA0830",FALSE
"Plate_2_A11",176,"Plate_2","A11","HSA0830_A11","HSA0830","HSA","HSA0830",FALSE
"Plate_2_A12",184,"Plate_2","A12","HSA0830_A12","HSA0830","HSA","HSA0830",FALSE
"Plate_2_A1",96,"Plate_2","A1","HSA0830_A1","HSA0830","HSA","HSA0830",FALSE
"Plate_2_A2",104,"Plate_2","A2","HSA0830_A2","HSA0830","HSA","HSA0830",FALSE
"Plate_2_A3",112,"Plate_2","A3","HSA0830_A3","HSA0830","HSA","HSA0830",FALSE
"Plate_2_A4",120,"Plate_2","A4","HSA0830_A4","HSA0830","HSA","HSA0830",FALSE
"Plate_2_A5",128,"Plate_2","A5","HSA0830_A5","HSA0830","HSA","HSA0830",FALSE
"Plate_2_A6",136,"Plate_2","A6","HSA0830_A6","HSA0830","HSA","HSA0830",FALSE
"Plate_2_A7",144,"Plate_2","A7","HSA0830_A7","HSA0830","HSA","HSA0830",FALSE
"Plate_2_A8",152,"Plate_2","A8","HSA0830_A8","HSA0830","HSA","HSA0830",FALSE
"Plate_2_A9",160,"Plate_2","A9","HSA0830_A9","HSA0830","HSA","HSA0830",FALSE
"Plate_2_B10",169,"Plate_2","B10","HSA0830_B10","HSA0830","HSA","HSA0830",FALSE
"Plate_2_B11",177,"Plate_2","B11","HSA0830_B11","HSA0830","HSA","HSA0830",FALSE
"Plate_2_B12",185,"Plate_2","B12","HSA0830_B12","HSA0830","HSA","HSA0830",FALSE
"Plate_2_B1",97,"Plate_2","B1","HSA0830_B1","HSA0830","HSA","HSA0830",FALSE
"Plate_2_B2",105,"Plate_2","B2","HSA0830_B2","HSA0830","HSA","HSA0830",FALSE
"Plate_2_B3",113,"Plate_2","B3","HSA0830_B3","HSA0830","HSA","HSA0830",FALSE
"Plate_2_B4",121,"Plate_2","B4","HSA0830_B4","HSA0830","HSA","HSA0830",FALSE
"Plate_2_B5",129,"Plate_2","B5","HSA0830_B5","HSA0830","HSA","HSA0830",FALSE
"Plate_2_B6",137,"Plate_2","B6","HSA0830_B6","HSA0830","HSA","HSA0830",TRUE
"Plate_2_B7",145,"Plate_2","B7","HSA0830_B7","HSA0830","HSA","HSA0830",FALSE
"Plate_2_B8",153,"Plate_2","B8","HSA0830_B8","HSA0830","HSA","HSA0830",FALSE
"Plate_2_B9",161,"Plate_2","B9","HSA0830_B9","HSA0830","HSA","HSA0830",FALSE
"Plate_2_C10",170,"Plate_2","C10","HSA0830_C10","HSA0830","HSA","HSA0830",FALSE
"Plate_2_C11",178,"Plate_2","C11","HSA0830_C11","HSA0830","HSA","HSA0830",FALSE
"Plate_2_C12",186,"Plate_2","C12","HSA0830_C12","HSA0830","HSA","HSA0830",FALSE
"Plate_2_C1",98,"Plate_2","C1","HSA0830_C1","HSA0830","HSA","HSA0830",FALSE
"Plate_2_C2",106,"Plate_2","C2","HSA0830_C2","HSA0830","HSA","HSA0830",FALSE
"Plate_2_C3",114,"Plate_2","C3","HSA0830_C3","HSA0830","HSA","HSA0830",TRUE
"Plate_2_C4",122,"Plate_2","C4","HSA0830_C4","HSA0830","HSA","HSA0830",FALSE
"Plate_2_C5",130,"Plate_2","C5","HSA0830_C5","HSA0830","HSA","HSA0830",FALSE
"Plate_2_C6",138,"Plate_2","C6","HSA0830_C6","HSA0830","HSA","HSA0830",FALSE
"Plate_2_C7",146,"Plate_2","C7","HSA0830_C7","HSA0830","HSA","HSA0830",FALSE
"Plate_2_C8",154,"Plate_2","C8","HSA0830_C8","HSA0830","HSA","HSA0830",FALSE
"Plate_2_C9",162,"Plate_2","C9","HSA0830_C9","HSA0830","HSA","HSA0830",FALSE
"Plate_2_D10",171,"Plate_2","D10","HSA0830_D10","HSA0830","HSA","HSA0830",FALSE
"Plate_2_D11",179,"Plate_2","D11","HSA0830_D11","HSA0830","HSA","HSA0830",FALSE
"Plate_2_D12",187,"Plate_2","D12","HSA0830_D12","HSA0830","HSA","HSA0830",FALSE
"Plate_2_D1",99,"Plate_2","D1","HSA0830_D1","HSA0830","HSA","HSA0830",FALSE
"Plate_2_D2",107,"Plate_2","D2","HSA0830_D2","HSA0830","HSA","HSA0830",FALSE
"Plate_2_D3",115,"Plate_2","D3","HSA0830_D3","HSA0830","HSA","HSA0830",FALSE
"Plate_2_D4",123,"Plate_2","D4","HSA0830_D4","HSA0830","HSA","HSA0830",FALSE
"Plate_2_D5",131,"Plate_2","D5","HSA0830_D5","HSA0830","HSA","HSA0830",FALSE
"Plate_2_D6",139,"Plate_2","D6","HSA0830_D6","HSA0830","HSA","HSA0830",FALSE
"Plate_2_D7",147,"Plate_2","D7","HSA0830_D7","HSA0830","HSA","HSA0830",FALSE
"Plate_2_D8",155,"Plate_2","D8","HSA0830_D8","HSA0830","HSA","HSA0830",FALSE
"Plate_2_D9",163,"Plate_2","D9","HSA0830_D9","HSA0830","HSA","HSA0830",FALSE
"Plate_2_E10",172,"Plate_2","E10","HSA0830_E10","HSA0830","HSA","HSA0830",FALSE
"Plate_2_E11",180,"Plate_2","E11","HSA0830_E11","HSA0830","HSA","HSA0830",FALSE
"Plate_2_E12",188,"Plate_2","E12","HSA0830_E12","HSA0830","HSA","HSA0830",FALSE
"Plate_2_E1",100,"Plate_2","E1","HSA0830_E1","HSA0830","HSA","HSA0830",FALSE
"Plate_2_E2",108,"Plate_2","E2","HSA0830_E2","HSA0830","HSA","HSA0830",FALSE
"Plate_2_E3",116,"Plate_2","E3","HSA0830_E3","HSA0830","HSA","HSA0830",FALSE
"Plate_2_E4",124,"Plate_2","E4","HSA0830_E4","HSA0830","HSA","HSA0830",FALSE
"Plate_2_E5",132,"Plate_2","E5","HSA0830_E5","HSA0830","HSA","HSA0830",TRUE
"Plate_2_E6",140,"Plate_2","E6","HSA0830_E6","HSA0830","HSA","HSA0830",FALSE
"Plate_2_E7",148,"Plate_2","E7","HSA0830_E7","HSA0830","HSA","HSA0830",FALSE
"Plate_2_E8",156,"Plate_2","E8","HSA0830_E8","HSA0830","HSA","HSA0830",TRUE
"Plate_2_E9",164,"Plate_2","E9","HSA0830_E9","HSA0830","HSA","HSA0830",FALSE
"Plate_2_F10",173,"Plate_2","F10","HSA0830_F10","HSA0830","HSA","HSA0830",FALSE
"Plate_2_F11",181,"Plate_2","F11","HSA0830_F11","HSA0830","HSA","HSA0830",FALSE
"Plate_2_F12",189,"Plate_2","F12","HSA0830_F12","HSA0830","HSA","HSA0830",FALSE
"Plate_2_F1",101,"Plate_2","F1","HSA0830_F1","HSA0830","HSA","HSA0830",TRUE
"Plate_2_F2",109,"Plate_2","F2","HSA0830_F2","HSA0830","HSA","HSA0830",FALSE
"Plate_2_F3",117,"Plate_2","F3","HSA0830_F3","HSA0830","HSA","HSA0830",FALSE
"Plate_2_F4",125,"Plate_2","F4","HSA0830_F4","HSA0830","HSA","HSA0830",FALSE
"Plate_2_F5",133,"Plate_2","F5","HSA0830_F5","HSA0830","HSA","HSA0830",FALSE
"Plate_2_F6",141,"Plate_2","F6","HSA0830_F6","HSA0830","HSA","HSA0830",FALSE
"Plate_2_F7",149,"Plate_2","F7","HSA0830_F7","HSA0830","HSA","HSA0830",FALSE
"Plate_2_F8",157,"Plate_2","F8","HSA0830_F8","HSA0830","HSA","HSA0830",FALSE
"Plate_2_F9",165,"Plate_2","F9","HSA0830_F9","HSA0830","HSA","HSA0830",FALSE
"Plate_2_G10",174,"Plate_2","G10","HSA0830_G10","HSA0830","HSA","HSA0830",FALSE
"Plate_2_G11",182,"Plate_2","G11","HSA0830_G11","HSA0830","HSA","HSA0830",FALSE
"Plate_2_G12",190,"Plate_2","G12","HSA0830_G12","HSA0830","HSA","HSA0830",FALSE
"Plate_2_G1",102,"Plate_2","G1","HSA0830_G1","HSA0830","HSA","HSA0830",FALSE
"Plate_2_G2",110,"Plate_2","G2","HSA0830_G2","HSA0830","HSA","HSA0830",FALSE
"Plate_2_G3",118,"Plate_2","G3","HSA0830_G3","HSA0830","HSA","HSA0830",FALSE
"Plate_2_G4",126,"Plate_2","G4","HSA0830_G4","HSA0830","HSA","HSA0830",FALSE
"Plate_2_G5",134,"Plate_2","G5","HSA0830_G5","HSA0830","HSA","HSA0830",FALSE
"Plate_2_G6",142,"Plate_2","G6","HSA0830_G6","HSA0830","HSA","HSA0830",FALSE
"Plate_2_G7",150,"Plate_2","G7","HSA0830_G7","HSA0830","HSA","HSA0830",FALSE
"Plate_2_G8",158,"Plate_2","G8","HSA0830_G8","HSA0830","HSA","HSA0830",FALSE
"Plate_2_G9",166,"Plate_2","G9","HSA0830_G9","HSA0830","HSA","HSA0830",FALSE
"Plate_2_H10",175,"Plate_2","H10","HSA0830_H10","HSA0830","HSA","HSA0830",FALSE
"Plate_2_H11",183,"Plate_2","H11","HSA0830_H11","HSA0830","HSA","HSA0830",FALSE
"Plate_2_H12",191,"Plate_2","H12","HSA0830_H12","HSA0830","HSA","HSA0830",FALSE
"Plate_2_H1",103,"Plate_2","H1","HSA0830_H1","HSA0830","HSA","HSA0830",FALSE
"Plate_2_H2",111,"Plate_2","H2","HSA0830_H2","HSA0830","HSA","HSA0830",FALSE
"Plate_2_H3",119,"Plate_2","H3","HSA0830_H3","HSA0830","HSA","HSA0830",FALSE
"Plate_2_H4",127,"Plate_2","H4","HSA0830_H4","HSA0830","HSA","HSA0830",FALSE
"Plate_2_H5",135,"Plate_2","H5","HSA0830_H5","HSA0830","HSA","HSA0830",FALSE
"Plate_2_H6",143,"Plate_2","H6","HSA0830_H6","HSA0830","HSA","HSA0830",FALSE
"Plate_2_H7",151,"Plate_2","H7","HSA0830_H7","HSA0830","HSA","HSA0830",FALSE
"Plate_2_H8",159,"Plate_2","H8","HSA0830_H8","HSA0830","HSA","HSA0830",FALSE
"Plate_2_H9",167,"Plate_2","H9","HSA0830_H9","HSA0830","HSA","HSA0830",FALSE
"Plate_3_A10",264,"Plate_3","A10","HSA1365_A10","HSA1365","HSA","HSA1365",FALSE
"Plate_3_A11",272,"Plate_3","A11","HSA1365_A11","HSA1365","HSA","HSA1365",FALSE
"Plate_3_A12",280,"Plate_3","A12","HSA1365_A12","HSA1365","HSA","HSA1365",FALSE
"Plate_3_A1",192,"Plate_3","A1","HSA1365_A1","HSA1365","HSA","HSA1365",FALSE
"Plate_3_A2",200,"Plate_3","A2","HSA1365_A2","HSA1365","HSA","HSA1365",FALSE
"Plate_3_A3",208,"Plate_3","A3","HSA1365_A3","HSA1365","HSA","HSA1365",FALSE
"Plate_3_A4",216,"Plate_3","A4","HSA1365_A4","HSA1365","HSA","HSA1365",FALSE
"Plate_3_A5",224,"Plate_3","A5","HSA1365_A5","HSA1365","HSA","HSA1365",FALSE
"Plate_3_A6",232,"Plate_3","A6","HSA1365_A6","HSA1365","HSA","HSA1365",FALSE
"Plate_3_A7",240,"Plate_3","A7","HSA1365_A7","HSA1365","HSA","HSA1365",FALSE
"Plate_3_A8",248,"Plate_3","A8","HSA1365_A8","HSA1365","HSA","HSA1365",FALSE
"Plate_3_A9",256,"Plate_3","A9","HSA1365_A9","HSA1365","HSA","HSA1365",FALSE
"Plate_3_B10",265,"Plate_3","B10","HSA1365_B10","HSA1365","HSA","HSA1365",FALSE
"Plate_3_B11",273,"Plate_3","B11","HSA1365_B11","HSA1365","HSA","HSA1365",FALSE
"Plate_3_B12",281,"Plate_3","B12","HSA1365_B12","HSA1365","HSA","HSA1365",FALSE
"Plate_3_B1",193,"Plate_3","B1","HSA1365_B1","HSA1365","HSA","HSA1365",FALSE
"Plate_3_B2",201,"Plate_3","B2","HSA1365_B2","HSA1365","HSA","HSA1365",TRUE
"Plate_3_B3",209,"Plate_3","B3","HSA1365_B3","HSA1365","HSA","HSA1365",FALSE
"Plate_3_B4",217,"Plate_3","B4","HSA1365_B4","HSA1365","HSA","HSA1365",FALSE
"Plate_3_B5",225,"Plate_3","B5","HSA1365_B5","HSA1365","HSA","HSA1365",FALSE
"Plate_3_B6",233,"Plate_3","B6","HSA1365_B6","HSA1365","HSA","HSA1365",FALSE
"Plate_3_B7",241,"Plate_3","B7","HSA1365_B7","HSA1365","HSA","HSA1365",FALSE
"Plate_3_B8",249,"Plate_3","B8","HSA1365_B8","HSA1365","HSA","HSA1365",FALSE
"Plate_3_B9",257,"Plate_3","B9","HSA1365_B9","HSA1365","HSA","HSA1365",FALSE
"Plate_3_C10",266,"Plate_3","C10","HSA1365_C10","HSA1365","HSA","HSA1365",FALSE
"Plate_3_C11",274,"Plate_3","C11","HSA1365_C11","HSA1365","HSA","HSA1365",TRUE
"Plate_3_C12",282,"Plate_3","C12","HSA1365_C12","HSA1365","HSA","HSA1365",FALSE
"Plate_3_C1",194,"Plate_3","C1","HSA1365_C1","HSA1365","HSA","HSA1365",FALSE
"Plate_3_C2",202,"Plate_3","C2","HSA1365_C2","HSA1365","HSA","HSA1365",FALSE
"Plate_3_C3",210,"Plate_3","C3","HSA1365_C3","HSA1365","HSA","HSA1365",FALSE
"Plate_3_C4",218,"Plate_3","C4","HSA1365_C4","HSA1365","HSA","HSA1365",FALSE
"Plate_3_C5",226,"Plate_3","C5","HSA1365_C5","HSA1365","HSA","HSA1365",FALSE
"Plate_3_C6",234,"Plate_3","C6","HSA1365_C6","HSA1365","HSA","HSA1365",FALSE
"Plate_3_C7",242,"Plate_3","C7","HSA1365_C7","HSA1365","HSA","HSA1365",FALSE
"Plate_3_C8",250,"Plate_3","C8","HSA1365_C8","HSA1365","HSA","HSA1365",FALSE
"Plate_3_C9",258,"Plate_3","C9","HSA1365_C9","HSA1365","HSA","HSA1365",FALSE
"Plate_3_D10",267,"Plate_3","D10","HSA1365_D10","HSA1365","HSA","HSA1365",FALSE
"Plate_3_D11",275,"Plate_3","D11","HSA1365_D11","HSA1365","HSA","HSA1365",FALSE
"Plate_3_D12",283,"Plate_3","D12","HSA1365_D12","HSA1365","HSA","HSA1365",FALSE
"Plate_3_D1",195,"Plate_3","D1","HSA1365_D1","HSA1365","HSA","HSA1365",TRUE
"Plate_3_D2",203,"Plate_3","D2","HSA1365_D2","HSA1365","HSA","HSA1365",FALSE
"Plate_3_D3",211,"Plate_3","D3","HSA1365_D3","HSA1365","HSA","HSA1365",FALSE
"Plate_3_D4",219,"Plate_3","D4","HSA1365_D4","HSA1365","HSA","HSA1365",FALSE
"Plate_3_D5",227,"Plate_3","D5","HSA1365_D5","HSA1365","HSA","HSA1365",FALSE
"Plate_3_D6",235,"Plate_3","D6","HSA1365_D6","HSA1365","HSA","HSA1365",TRUE
"Plate_3_D7",243,"Plate_3","D7","HSA1365_D7","HSA1365","HSA","HSA1365",FALSE
"Plate_3_D8",251,"Plate_3","D8","HSA1365_D8","HSA1365","HSA","HSA1365",FALSE
"Plate_3_D9",259,"Plate_3","D9","HSA1365_D9","HSA1365","HSA","HSA1365",FALSE
"Plate_3_E10",268,"Plate_3","E10","HSA1365_E10","HSA1365","HSA","HSA1365",FALSE
"Plate_3_E11",276,"Plate_3","E11","HSA1365_E11","HSA1365","HSA","HSA1365",FALSE
"Plate_3_E12",284,"Plate_3","E12","HSA1365_E12","HSA1365","HSA","HSA1365",FALSE
"Plate_3_E1",196,"Plate_3","E1","HSA1365_E1","HSA1365","HSA","HSA1365",FALSE
"Plate_3_E2",204,"Plate_3","E2","HSA1365_E2","HSA1365","HSA","HSA1365",FALSE
"Plate_3_E3",212,"Plate_3","E3","HSA1365_E3","HSA1365","HSA","HSA1365",FALSE
"Plate_3_E4",220,"Plate_3","E4","HSA1365_E4","HSA1365","HSA","HSA1365",FALSE
"Plate_3_E5",228,"Plate_3","E5","HSA1365_E5","HSA1365","HSA","HSA1365",FALSE
"Plate_3_E6",236,"Plate_3","E6","HSA1365_E6","HSA1365","HSA","HSA1365",FALSE
"Plate_3_E7",244,"Plate_3","E7","HSA1365_E7","HSA1365","HSA","HSA1365",FALSE
"Plate_3_E8",252,"Plate_3","E8","HSA1365_E8","HSA1365","HSA","HSA1365",FALSE
"Plate_3_E9",260,"Plate_3","E9","HSA1365_E9","HSA1365","HSA","HSA1365",FALSE
"Plate_3_F10",269,"Plate_3","F10","HSA1365_F10","HSA1365","HSA","HSA1365",FALSE
"Plate_3_F11",277,"Plate_3","F11","HSA1365_F11","HSA1365","HSA","HSA1365",FALSE
"Plate_3_F12",285,"Plate_3","F12","HSA1365_F12","HSA1365","HSA","HSA1365",FALSE
"Plate_3_F1",197,"Plate_3","F1","HSA1365_F1","HSA1365","HSA","HSA1365",FALSE
"Plate_3_F2",205,"Plate_3","F2","HSA1365_F2","HSA1365","HSA","HSA1365",FALSE
"Plate_3_F3",213,"Plate_3","F3","HSA1365_F3","HSA1365","HSA","HSA1365",TRUE
"Plate_3_F4",221,"Plate_3","F4","HSA1365_F4","HSA1365","HSA","HSA1365",FALSE
"Plate_3_F5",229,"Plate_3","F5","HSA1365_F5","HSA1365","HSA","HSA1365",FALSE
"Plate_3_F6",237,"Plate_3","F6","HSA1365_F6","HSA1365","HSA","HSA1365",FALSE
"Plate_3_F7",245,"Plate_3","F7","HSA1365_F7","HSA1365","HSA","HSA1365",FALSE
"Plate_3_F8",253,"Plate_3","F8","HSA1365_F8","HSA1365","HSA","HSA1365",FALSE
"Plate_3_F9",261,"Plate_3","F9","HSA1365_F9","HSA1365","HSA","HSA1365",FALSE
"Plate_3_G10",270,"Plate_3","G10","HSA1365_G10","HSA1365","HSA","HSA1365",FALSE
"Plate_3_G11",278,"Plate_3","G11","HSA1365_G11","HSA1365","HSA","HSA1365",FALSE
"Plate_3_G12",286,"Plate_3","G12","HSA1365_G12","HSA1365","HSA","HSA1365",FALSE
"Plate_3_G1",198,"Plate_3","G1","HSA1365_G1","HSA1365","HSA","HSA1365",FALSE
"Plate_3_G2",206,"Plate_3","G2","HSA1365_G2","HSA1365","HSA","HSA1365",FALSE
"Plate_3_G3",214,"Plate_3","G3","HSA1365_G3","HSA1365","HSA","HSA1365",FALSE
"Plate_3_G4",222,"Plate_3","G4","HSA1365_G4","HSA1365","HSA","HSA1365",FALSE
"Plate_3_G5",230,"Plate_3","G5","HSA1365_G5","HSA1365","HSA","HSA1365",FALSE
"Plate_3_G6",238,"Plate_3","G6","HSA1365_G6","HSA1365","HSA","HSA1365",FALSE
"Plate_3_G7",246,"Plate_3","G7","HSA1365_G7","HSA1365","HSA","HSA1365",FALSE
"Plate_3_G8",254,"Plate_3","G8","HSA1365_G8","HSA1365","HSA","HSA1365",FALSE
"Plate_3_G9",262,"Plate_3","G9","HSA1365_G9","HSA1365","HSA","HSA1365",FALSE
"Plate_3_H10",271,"Plate_3","H10","HSA1365_H10","HSA1365","HSA","HSA1365",FALSE
"Plate_3_H11",279,"Plate_3","H11","HSA1365_H11","HSA1365","HSA","HSA1365",FALSE
"Plate_3_H12",287,"Plate_3","H12","HSA1365_H12","HSA1365","HSA","HSA1365",FALSE
"Plate_3_H1",199,"Plate_3","H1","HSA1365_H1","HSA1365","HSA","HSA1365",FALSE
"Plate_3_H2",207,"Plate_3","H2","HSA1365_H2","HSA1365","HSA","HSA1365",FALSE
"Plate_3_H3",215,"Plate_3","H3","HSA1365_H3","HSA1365","HSA","HSA1365",FALSE
"Plate_3_H4",223,"Plate_3","H4","HSA1365_H4","HSA1365","HSA","HSA1365",FALSE
"Plate_3_H5",231,"Plate_3","H5","HSA1365_H5","HSA1365","HSA","HSA1365",FALSE
"Plate_3_H6",239,"Plate_3","H6","HSA1365_H6","HSA1365","HSA","HSA1365",FALSE
"Plate_3_H7",247,"Plate_3","H7","HSA1365_H7","HSA1365","HSA","HSA1365",FALSE
"Plate_3_H8",255,"Plate_3","H8","HSA1365_H8","HSA1365","HSA","HSA1365",FALSE
"Plate_3_H9",263,"Plate_3","H9","HSA1365_H9","HSA1365","HSA","HSA1365",FALSE
"Plate_4_A10",360,"Plate_4","A10","61217_001_C1_D8_A10","61217_001","C1_D8","61217_001_C1_D8",FALSE
"Plate_4_A11",368,"Plate_4","A11","61217_001_C1_D8_A11","61217_001","C1_D8","61217_001_C1_D8",FALSE
"Plate_4_A12",376,"Plate_4","A12","61217_001_C1_D8_A12","61217_001","C1_D8","61217_001_C1_D8",FALSE
"Plate_4_A1",288,"Plate_4","A1","61217_001_C1_D8_A1","61217_001","C1_D8","61217_001_C1_D8",FALSE
"Plate_4_A2",296,"Plate_4","A2","61217_001_C1_D8_A2","61217_001","C1_D8","61217_001_C1_D8",FALSE
"Plate_4_A3",304,"Plate_4","A3","61217_001_C1_D8_A3","61217_001","C1_D8","61217_001_C1_D8",FALSE
"Plate_4_A4",312,"Plate_4","A4","61217_001_C1_D8_A4","61217_001","C1_D8","61217_001_C1_D8",FALSE
"Plate_4_A5",320,"Plate_4","A5","61217_001_C1_D8_A5","61217_001","C1_D8","61217_001_C1_D8",FALSE
"Plate_4_A6",328,"Plate_4","A6","61217_001_C1_D8_A6","61217_001","C1_D8","61217_001_C1_D8",FALSE
"Plate_4_A7",336,"Plate_4","A7","61217_001_C1_D8_A7","61217_001","C1_D8","61217_001_C1_D8",FALSE
"Plate_4_A8",344,"Plate_4","A8","61217_001_C1_D8_A8","61217_001","C1_D8","61217_001_C1_D8",FALSE
"Plate_4_A9",352,"Plate_4","A9","61217_001_C1_D8_A9","61217_001","C1_D8","61217_001_C1_D8",FALSE
"Plate_4_B10",361,"Plate_4","B10","61217_001_C1_D8_B10","61217_001","C1_D8","61217_001_C1_D8",TRUE
"Plate_4_B11",369,"Plate_4","B11","61217_001_C1_D8_B11","61217_001","C1_D8","61217_001_C1_D8",FALSE
"Plate_4_B12",377,"Plate_4","B12","61217_001_C1_D8_B12","61217_001","C1_D8","61217_001_C1_D8",FALSE
"Plate_4_B1",289,"Plate_4","B1","61217_001_C1_D8_B1","61217_001","C1_D8","61217_001_C1_D8",FALSE
"Plate_4_B2",297,"Plate_4","B2","61217_001_C1_D8_B2","61217_001","C1_D8","61217_001_C1_D8",FALSE
"Plate_4_B3",305,"Plate_4","B3","61217_001_C1_D8_B3","61217_001","C1_D8","61217_001_C1_D8",FALSE
"Plate_4_B4",313,"Plate_4","B4","61217_001_C1_D8_B4","61217_001","C1_D8","61217_001_C1_D8",FALSE
"Plate_4_B5",321,"Plate_4","B5","61217_001_C1_D8_B5","61217_001","C1_D8","61217_001_C1_D8",FALSE
"Plate_4_B6",329,"Plate_4","B6","61217_001_C1_D8_B6","61217_001","C1_D8","61217_001_C1_D8",FALSE
"Plate_4_B7",337,"Plate_4","B7","61217_001_C1_D8_B7","61217_001","C1_D8","61217_001_C1_D8",FALSE
"Plate_4_B8",345,"Plate_4","B8","61217_001_C1_D8_B8","61217_001","C1_D8","61217_001_C1_D8",FALSE
"Plate_4_B9",353,"Plate_4","B9","61217_001_C1_D8_B9","61217_001","C1_D8","61217_001_C1_D8",FALSE
"Plate_4_C10",362,"Plate_4","C10","61217_001_C1_D8_C10","61217_001","C1_D8","61217_001_C1_D8",FALSE
"Plate_4_C11",370,"Plate_4","C11","61217_001_C1_D8_C11","61217_001","C1_D8","61217_001_C1_D8",FALSE
"Plate_4_C12",378,"Plate_4","C12","61217_001_C1_D8_C12","61217_001","C1_D8","61217_001_C1_D8",FALSE
"Plate_4_C1",290,"Plate_4","C1","61217_001_C1_D8_C1","61217_001","C1_D8","61217_001_C1_D8",FALSE
"Plate_4_C2",298,"Plate_4","C2","61217_001_C1_D8_C2","61217_001","C1_D8","61217_001_C1_D8",FALSE
"Plate_4_C3",306,"Plate_4","C3","61217_001_C1_D8_C3","61217_001","C1_D8","61217_001_C1_D8",TRUE
"Plate_4_C4",314,"Plate_4","C4","61217_001_C1_D8_C4","61217_001","C1_D8","61217_001_C1_D8",FALSE
"Plate_4_C5",322,"Plate_4","C5","61217_001_C1_D8_C5","61217_001","C1_D8","61217_001_C1_D8",FALSE
"Plate_4_C6",330,"Plate_4","C6","61217_001_C1_D8_C6","61217_001","C1_D8","61217_001_C1_D8",FALSE
"Plate_4_C7",338,"Plate_4","C7","61217_001_C1_D8_C7","61217_001","C1_D8","61217_001_C1_D8",FALSE
"Plate_4_C8",346,"Plate_4","C8","61217_001_C1_D8_C8","61217_001","C1_D8","61217_001_C1_D8",FALSE
"Plate_4_C9",354,"Plate_4","C9","61217_001_C1_D8_C9","61217_001","C1_D8","61217_001_C1_D8",FALSE
"Plate_4_D10",363,"Plate_4","D10","61217_001_C1_D8_D10","61217_001","C1_D8","61217_001_C1_D8",FALSE
"Plate_4_D11",371,"Plate_4","D11","61217_001_C1_D8_D11","61217_001","C1_D8","61217_001_C1_D8",FALSE
"Plate_4_D12",379,"Plate_4","D12","61217_001_C1_D8_D12","61217_001","C1_D8","61217_001_C1_D8",FALSE
"Plate_4_D1",291,"Plate_4","D1","61217_001_C1_D8_D1","61217_001","C1_D8","61217_001_C1_D8",FALSE
"Plate_4_D2",299,"Plate_4","D2","61217_001_C1_D8_D2","61217_001","C1_D8","61217_001_C1_D8",FALSE
"Plate_4_D3",307,"Plate_4","D3","61217_001_C1_D8_D3","61217_001","C1_D8","61217_001_C1_D8",FALSE
"Plate_4_D4",315,"Plate_4","D4","61217_001_C1_D8_D4","61217_001","C1_D8","61217_001_C1_D8",FALSE
"Plate_4_D5",323,"Plate_4","D5","61217_001_C1_D8_D5","61217_001","C1_D8","61217_001_C1_D8",FALSE
"Plate_4_D6",331,"Plate_4","D6","61217_001_C1_D8_D6","61217_001","C1_D8","61217_001_C1_D8",FALSE
"Plate_4_D7",339,"Plate_4","D7","61217_001_C1_D8_D7","61217_001","C1_D8","61217_001_C1_D8",FALSE
"Plate_4_D8",347,"Plate_4","D8","61217_001_C1_D8_D8","61217_001","C1_D8","61217_001_C1_D8",FALSE
"Plate_4_D9",355,"Plate_4","D9","61217_001_C1_D8_D9","61217_001","C1_D8","61217_001_C1_D8",FALSE
"Plate_4_E10",364,"Plate_4","E10","61217_001_C1_D8_E10","61217_001","C1_D8","61217_001_C1_D8",FALSE
"Plate_4_E11",372,"Plate_4","E11","61217_001_C1_D8_E11","61217_001","C1_D8","61217_001_C1_D8",FALSE
"Plate_4_E12",380,"Plate_4","E12","61217_001_C1_D8_E12","61217_001","C1_D8","61217_001_C1_D8",FALSE
"Plate_4_E1",292,"Plate_4","E1","61217_001_C1_D8_E1","61217_001","C1_D8","61217_001_C1_D8",FALSE
"Plate_4_E2",300,"Plate_4","E2","61217_001_C1_D8_E2","61217_001","C1_D8","61217_001_C1_D8",FALSE
"Plate_4_E3",308,"Plate_4","E3","61217_001_C1_D8_E3","61217_001","C1_D8","61217_001_C1_D8",FALSE
"Plate_4_E4",316,"Plate_4","E4","61217_001_C1_D8_E4","61217_001","C1_D8","61217_001_C1_D8",FALSE
"Plate_4_E5",324,"Plate_4","E5","61217_001_C1_D8_E5","61217_001","C1_D8","61217_001_C1_D8",FALSE
"Plate_4_E6",332,"Plate_4","E6","61217_001_C1_D8_E6","61217_001","C1_D8","61217_001_C1_D8",FALSE
"Plate_4_E7",340,"Plate_4","E7","61217_001_C1_D8_E7","61217_001","C1_D8","61217_001_C1_D8",FALSE
"Plate_4_E8",348,"Plate_4","E8","61217_001_C1_D8_E8","61217_001","C1_D8","61217_001_C1_D8",FALSE
"Plate_4_E9",356,"Plate_4","E9","61217_001_C1_D8_E9","61217_001","C1_D8","61217_001_C1_D8",FALSE
"Plate_4_F10",365,"Plate_4","F10","61217_001_C1_D8_F10","61217_001","C1_D8","61217_001_C1_D8",FALSE
"Plate_4_F11",373,"Plate_4","F11","61217_001_C1_D8_F11","61217_001","C1_D8","61217_001_C1_D8",FALSE
"Plate_4_F12",381,"Plate_4","F12","61217_001_C1_D8_F12","61217_001","C1_D8","61217_001_C1_D8",FALSE
"Plate_4_F1",293,"Plate_4","F1","61217_001_C1_D8_F1","61217_001","C1_D8","61217_001_C1_D8",FALSE
"Plate_4_F2",301,"Plate_4","F2","61217_001_C1_D8_F2","61217_001","C1_D8","61217_001_C1_D8",FALSE
"Plate_4_F3",309,"Plate_4","F3","61217_001_C1_D8_F3","61217_001","C1_D8","61217_001_C1_D8",FALSE
"Plate_4_F4",317,"Plate_4","F4","61217_001_C1_D8_F4","61217_001","C1_D8","61217_001_C1_D8",FALSE
"Plate_4_F5",325,"Plate_4","F5","61217_001_C1_D8_F5","61217_001","C1_D8","61217_001_C1_D8",FALSE
"Plate_4_F6",333,"Plate_4","F6","61217_001_C1_D8_F6","61217_001","C1_D8","61217_001_C1_D8",TRUE
"Plate_4_F7",341,"Plate_4","F7","61217_001_C1_D8_F7","61217_001","C1_D8","61217_001_C1_D8",FALSE
"Plate_4_F8",349,"Plate_4","F8","61217_001_C1_D8_F8","61217_001","C1_D8","61217_001_C1_D8",FALSE
"Plate_4_F9",357,"Plate_4","F9","61217_001_C1_D8_F9","61217_001","C1_D8","61217_001_C1_D8",FALSE
"Plate_4_G10",366,"Plate_4","G10","61217_001_C1_D8_G10","61217_001","C1_D8","61217_001_C1_D8",FALSE
"Plate_4_G11",374,"Plate_4","G11","61217_001_C1_D8_G11","61217_001","C1_D8","61217_001_C1_D8",FALSE
"Plate_4_G12",382,"Plate_4","G12","61217_001_C1_D8_G12","61217_001","C1_D8","61217_001_C1_D8",FALSE
"Plate_4_G1",294,"Plate_4","G1","61217_001_C1_D8_G1","61217_001","C1_D8","61217_001_C1_D8",FALSE
"Plate_4_G2",302,"Plate_4","G2","61217_001_C1_D8_G2","61217_001","C1_D8","61217_001_C1_D8",FALSE
"Plate_4_G3",310,"Plate_4","G3","61217_001_C1_D8_G3","61217_001","C1_D8","61217_001_C1_D8",FALSE
"Plate_4_G4",318,"Plate_4","G4","61217_001_C1_D8_G4","61217_001","C1_D8","61217_001_C1_D8",FALSE
"Plate_4_G5",326,"Plate_4","G5","61217_001_C1_D8_G5","61217_001","C1_D8","61217_001_C1_D8",FALSE
"Plate_4_G6",334,"Plate_4","G6","61217_001_C1_D8_G6","61217_001","C1_D8","61217_001_C1_D8",FALSE
"Plate_4_G7",342,"Plate_4","G7","61217_001_C1_D8_G7","61217_001","C1_D8","61217_001_C1_D8",FALSE
"Plate_4_G8",350,"Plate_4","G8","61217_001_C1_D8_G8","61217_001","C1_D8","61217_001_C1_D8",FALSE
"Plate_4_G9",358,"Plate_4","G9","61217_001_C1_D8_G9","61217_001","C1_D8","61217_001_C1_D8",FALSE
"Plate_4_H10",367,"Plate_4","H10","61217_001_C1_D8_H10","61217_001","C1_D8","61217_001_C1_D8",FALSE
"Plate_4_H11",375,"Plate_4","H11","61217_001_C1_D8_H11","61217_001","C1_D8","61217_001_C1_D8",FALSE
"Plate_4_H12",383,"Plate_4","H12","61217_001_C1_D8_H12","61217_001","C1_D8","61217_001_C1_D8",FALSE
"Plate_4_H1",295,"Plate_4","H1","61217_001_C1_D8_H1","61217_001","C1_D8","61217_001_C1_D8",FALSE
"Plate_4_H2",303,"Plate_4","H2","61217_001_C1_D8_H2","61217_001","C1_D8","61217_001_C1_D8",TRUE
"Plate_4_H3",311,"Plate_4","H3","61217_001_C1_D8_H3","61217_001","C1_D8","61217_001_C1_D8",FALSE
"Plate_4_H4",319,"Plate_4","H4","61217_001_C1_D8_H4","61217_001","C1_D8","61217_001_C1_D8",FALSE
"Plate_4_H5",327,"Plate_4","H5","61217_001_C1_D8_H5","61217_001","C1_D8","61217_001_C1_D8",FALSE
"Plate_4_H6",335,"Plate_4","H6","61217_001_C1_D8_H6","61217_001","C1_D8","61217_001_C1_D8",FALSE
"Plate_4_H7",343,"Plate_4","H7","61217_001_C1_D8_H7","61217_001","C1_D8","61217_001_C1_D8",FALSE
"Plate_4_H8",351,"Plate_4","H8","61217_001_C1_D8_H8","61217_001","C1_D8","61217_001_C1_D8",FALSE
"Plate_4_H9",359,"Plate_4","H9","61217_001_C1_D8_H9","61217_001","C1_D8","61217_001_C1_D8",FALSE
"Plate_5_A10",456,"Plate_5","A10","61213_011_C7_D1_A1","61213_011","C7_D1","61213_011_C7_D1",FALSE
"Plate_5_A11",464,"Plate_5","A11","61213_011_C7_D1_A2","61213_011","C7_D1","61213_011_C7_D1",FALSE
"Plate_5_A12",472,"Plate_5","A12","61213_011_C7_D1_A3","61213_011","C7_D1","61213_011_C7_D1",FALSE
"Plate_5_A1",384,"Plate_5","A1","61217_001_C7_D1_A1","61217_001","C7_D1","61217_001_C7_D1",FALSE
"Plate_5_A2",392,"Plate_5","A2","61217_001_C7_D1_A2","61217_001","C7_D1","61217_001_C7_D1",FALSE
"Plate_5_A3",400,"Plate_5","A3","61217_001_C7_D1_A3","61217_001","C7_D1","61217_001_C7_D1",FALSE
"Plate_5_A4",408,"Plate_5","A4","61217_001_C7_D1_A4","61217_001","C7_D1","61217_001_C7_D1",FALSE
"Plate_5_A5",416,"Plate_5","A5","61217_001_C7_D1_A5","61217_001","C7_D1","61217_001_C7_D1",FALSE
"Plate_5_A6",424,"Plate_5","A6","61217_001_C7_D1_A6","61217_001","C7_D1","61217_001_C7_D1",FALSE
"Plate_5_A7",432,"Plate_5","A7","61217_001_C7_D1_A7","61217_001","C7_D1","61217_001_C7_D1",FALSE
"Plate_5_A8",440,"Plate_5","A8","61217_001_C7_D1_A8","61217_001","C7_D1","61217_001_C7_D1",FALSE
"Plate_5_A9",448,"Plate_5","A9","61217_001_C7_D1_A9","61217_001","C7_D1","61217_001_C7_D1",FALSE
"Plate_5_B10",457,"Plate_5","B10","61213_011_C7_D1_B1","61213_011","C7_D1","61213_011_C7_D1",TRUE
"Plate_5_B11",465,"Plate_5","B11","61213_011_C7_D1_B2","61213_011","C7_D1","61213_011_C7_D1",FALSE
"Plate_5_B12",473,"Plate_5","B12","61213_011_C7_D1_B3","61213_011","C7_D1","61213_011_C7_D1",FALSE
"Plate_5_B1",385,"Plate_5","B1","61217_001_C7_D1_B1","61217_001","C7_D1","61217_001_C7_D1",FALSE
"Plate_5_B2",393,"Plate_5","B2","61217_001_C7_D1_B2","61217_001","C7_D1","61217_001_C7_D1",FALSE
"Plate_5_B3",401,"Plate_5","B3","61217_001_C7_D1_B3","61217_001","C7_D1","61217_001_C7_D1",FALSE
"Plate_5_B4",409,"Plate_5","B4","61217_001_C7_D1_B4","61217_001","C7_D1","61217_001_C7_D1",FALSE
"Plate_5_B5",417,"Plate_5","B5","61217_001_C7_D1_B5","61217_001","C7_D1","61217_001_C7_D1",FALSE
"Plate_5_B6",425,"Plate_5","B6","61217_001_C7_D1_B6","61217_001","C7_D1","61217_001_C7_D1",FALSE
"Plate_5_B7",433,"Plate_5","B7","61217_001_C7_D1_B7","61217_001","C7_D1","61217_001_C7_D1",FALSE
"Plate_5_B8",441,"Plate_5","B8","61217_001_C7_D1_B8","61217_001","C7_D1","61217_001_C7_D1",FALSE
"Plate_5_B9",449,"Plate_5","B9","61217_001_C7_D1_B9","61217_001","C7_D1","61217_001_C7_D1",FALSE
"Plate_5_C10",458,"Plate_5","C10","61213_011_C7_D1_C1","61213_011","C7_D1","61213_011_C7_D1",FALSE
"Plate_5_C11",466,"Plate_5","C11","61213_011_C7_D1_C2","61213_011","C7_D1","61213_011_C7_D1",FALSE
"Plate_5_C12",474,"Plate_5","C12","61213_011_C7_D1_C3","61213_011","C7_D1","61213_011_C7_D1",TRUE
"Plate_5_C1",386,"Plate_5","C1","61217_001_C7_D1_C1","61217_001","C7_D1","61217_001_C7_D1",FALSE
"Plate_5_C2",394,"Plate_5","C2","61217_001_C7_D1_C2","61217_001","C7_D1","61217_001_C7_D1",FALSE
"Plate_5_C3",402,"Plate_5","C3","61217_001_C7_D1_C3","61217_001","C7_D1","61217_001_C7_D1",TRUE
"Plate_5_C4",410,"Plate_5","C4","61217_001_C7_D1_C4","61217_001","C7_D1","61217_001_C7_D1",FALSE
"Plate_5_C5",418,"Plate_5","C5","61217_001_C7_D1_C5","61217_001","C7_D1","61217_001_C7_D1",FALSE
"Plate_5_C6",426,"Plate_5","C6","61217_001_C7_D1_C6","61217_001","C7_D1","61217_001_C7_D1",FALSE
"Plate_5_C7",434,"Plate_5","C7","61217_001_C7_D1_C7","61217_001","C7_D1","61217_001_C7_D1",FALSE
"Plate_5_C8",442,"Plate_5","C8","61217_001_C7_D1_C8","61217_001","C7_D1","61217_001_C7_D1",FALSE
"Plate_5_C9",450,"Plate_5","C9","61217_001_C7_D1_C9","61217_001","C7_D1","61217_001_C7_D1",FALSE
"Plate_5_D10",459,"Plate_5","D10","61213_011_C7_D1_D1","61213_011","C7_D1","61213_011_C7_D1",FALSE
"Plate_5_D11",467,"Plate_5","D11","61213_011_C7_D1_D2","61213_011","C7_D1","61213_011_C7_D1",FALSE
"Plate_5_D12",475,"Plate_5","D12","61213_011_C7_D1_D3","61213_011","C7_D1","61213_011_C7_D1",FALSE
"Plate_5_D1",387,"Plate_5","D1","61217_001_C7_D1_D1","61217_001","C7_D1","61217_001_C7_D1",FALSE
"Plate_5_D2",395,"Plate_5","D2","61217_001_C7_D1_D2","61217_001","C7_D1","61217_001_C7_D1",FALSE
"Plate_5_D3",403,"Plate_5","D3","61217_001_C7_D1_D3","61217_001","C7_D1","61217_001_C7_D1",FALSE
"Plate_5_D4",411,"Plate_5","D4","61217_001_C7_D1_D4","61217_001","C7_D1","61217_001_C7_D1",FALSE
"Plate_5_D5",419,"Plate_5","D5","61217_001_C7_D1_D5","61217_001","C7_D1","61217_001_C7_D1",FALSE
"Plate_5_D6",427,"Plate_5","D6","61217_001_C7_D1_D6","61217_001","C7_D1","61217_001_C7_D1",FALSE
"Plate_5_D7",435,"Plate_5","D7","61217_001_C7_D1_D7","61217_001","C7_D1","61217_001_C7_D1",FALSE
"Plate_5_D8",443,"Plate_5","D8","61217_001_C7_D1_D8","61217_001","C7_D1","61217_001_C7_D1",FALSE
"Plate_5_D9",451,"Plate_5","D9","61217_001_C7_D1_D9","61217_001","C7_D1","61217_001_C7_D1",FALSE
"Plate_5_E10",460,"Plate_5","E10","61213_011_C7_D1_E1","61213_011","C7_D1","61213_011_C7_D1",FALSE
"Plate_5_E11",468,"Plate_5","E11","61213_011_C7_D1_E2","61213_011","C7_D1","61213_011_C7_D1",FALSE
"Plate_5_E12",476,"Plate_5","E12","61213_011_C7_D1_E3","61213_011","C7_D1","61213_011_C7_D1",FALSE
"Plate_5_E1",388,"Plate_5","E1","61217_001_C7_D1_E1","61217_001","C7_D1","61217_001_C7_D1",FALSE
"Plate_5_E2",396,"Plate_5","E2","61217_001_C7_D1_E2","61217_001","C7_D1","61217_001_C7_D1",FALSE
"Plate_5_E3",404,"Plate_5","E3","61217_001_C7_D1_E3","61217_001","C7_D1","61217_001_C7_D1",FALSE
"Plate_5_E4",412,"Plate_5","E4","61217_001_C7_D1_E4","61217_001","C7_D1","61217_001_C7_D1",FALSE
"Plate_5_E5",420,"Plate_5","E5","61217_001_C7_D1_E5","61217_001","C7_D1","61217_001_C7_D1",FALSE
"Plate_5_E6",428,"Plate_5","E6","61217_001_C7_D1_E6","61217_001","C7_D1","61217_001_C7_D1",FALSE
"Plate_5_E7",436,"Plate_5","E7","61217_001_C7_D1_E7","61217_001","C7_D1","61217_001_C7_D1",FALSE
"Plate_5_E8",444,"Plate_5","E8","61217_001_C7_D1_E8","61217_001","C7_D1","61217_001_C7_D1",FALSE
"Plate_5_E9",452,"Plate_5","E9","61217_001_C7_D1_E9","61217_001","C7_D1","61217_001_C7_D1",TRUE
"Plate_5_F10",461,"Plate_5","F10","61213_011_C7_D1_F1","61213_011","C7_D1","61213_011_C7_D1",FALSE
"Plate_5_F11",469,"Plate_5","F11","61213_011_C7_D1_F2","61213_011","C7_D1","61213_011_C7_D1",TRUE
"Plate_5_F12",477,"Plate_5","F12","61213_011_C7_D1_F3","61213_011","C7_D1","61213_011_C7_D1",FALSE
"Plate_5_F1",389,"Plate_5","F1","61217_001_C7_D1_F1","61217_001","C7_D1","61217_001_C7_D1",FALSE
"Plate_5_F2",397,"Plate_5","F2","61217_001_C7_D1_F2","61217_001","C7_D1","61217_001_C7_D1",FALSE
"Plate_5_F3",405,"Plate_5","F3","61217_001_C7_D1_F3","61217_001","C7_D1","61217_001_C7_D1",FALSE
"Plate_5_F4",413,"Plate_5","F4","61217_001_C7_D1_F4","61217_001","C7_D1","61217_001_C7_D1",FALSE
"Plate_5_F5",421,"Plate_5","F5","61217_001_C7_D1_F5","61217_001","C7_D1","61217_001_C7_D1",FALSE
"Plate_5_F6",429,"Plate_5","F6","61217_001_C7_D1_F6","61217_001","C7_D1","61217_001_C7_D1",TRUE
"Plate_5_F7",437,"Plate_5","F7","61217_001_C7_D1_F7","61217_001","C7_D1","61217_001_C7_D1",FALSE
"Plate_5_F8",445,"Plate_5","F8","61217_001_C7_D1_F8","61217_001","C7_D1","61217_001_C7_D1",FALSE
"Plate_5_F9",453,"Plate_5","F9","61217_001_C7_D1_F9","61217_001","C7_D1","61217_001_C7_D1",TRUE
"Plate_5_G10",462,"Plate_5","G10","61213_011_C7_D1_G1","61213_011","C7_D1","61213_011_C7_D1",FALSE
"Plate_5_G11",470,"Plate_5","G11","61213_011_C7_D1_G2","61213_011","C7_D1","61213_011_C7_D1",FALSE
"Plate_5_G12",478,"Plate_5","G12","61213_011_C7_D1_G3","61213_011","C7_D1","61213_011_C7_D1",FALSE
"Plate_5_G1",390,"Plate_5","G1","61217_001_C7_D1_G1","61217_001","C7_D1","61217_001_C7_D1",FALSE
"Plate_5_G2",398,"Plate_5","G2","61217_001_C7_D1_G2","61217_001","C7_D1","61217_001_C7_D1",FALSE
"Plate_5_G3",406,"Plate_5","G3","61217_001_C7_D1_G3","61217_001","C7_D1","61217_001_C7_D1",FALSE
"Plate_5_G4",414,"Plate_5","G4","61217_001_C7_D1_G4","61217_001","C7_D1","61217_001_C7_D1",FALSE
"Plate_5_G5",422,"Plate_5","G5","61217_001_C7_D1_G5","61217_001","C7_D1","61217_001_C7_D1",FALSE
"Plate_5_G6",430,"Plate_5","G6","61217_001_C7_D1_G6","61217_001","C7_D1","61217_001_C7_D1",FALSE
"Plate_5_G7",438,"Plate_5","G7","61217_001_C7_D1_G7","61217_001","C7_D1","61217_001_C7_D1",FALSE
"Plate_5_G8",446,"Plate_5","G8","61217_001_C7_D1_G8","61217_001","C7_D1","61217_001_C7_D1",FALSE
"Plate_5_G9",454,"Plate_5","G9","61217_001_C7_D1_G9","61217_001","C7_D1","61217_001_C7_D1",TRUE
"Plate_5_H10",463,"Plate_5","H10","61213_011_C7_D1_H1","61213_011","C7_D1","61213_011_C7_D1",FALSE
"Plate_5_H11",471,"Plate_5","H11","61213_011_C7_D1_H2","61213_011","C7_D1","61213_011_C7_D1",FALSE
"Plate_5_H12",479,"Plate_5","H12","61213_011_C7_D1_H3","61213_011","C7_D1","61213_011_C7_D1",FALSE
"Plate_5_H1",391,"Plate_5","H1","61217_001_C7_D1_H1","61217_001","C7_D1","61217_001_C7_D1",FALSE
"Plate_5_H2",399,"Plate_5","H2","61217_001_C7_D1_H2","61217_001","C7_D1","61217_001_C7_D1",TRUE
"Plate_5_H3",407,"Plate_5","H3","61217_001_C7_D1_H3","61217_001","C7_D1","61217_001_C7_D1",FALSE
"Plate_5_H4",415,"Plate_5","H4","61217_001_C7_D1_H4","61217_001","C7_D1","61217_001_C7_D1",FALSE
"Plate_5_H5",423,"Plate_5","H5","61217_001_C7_D1_H5","61217_001","C7_D1","61217_001_C7_D1",FALSE
"Plate_5_H6",431,"Plate_5","H6","61217_001_C7_D1_H6","61217_001","C7_D1","61217_001_C7_D1",FALSE
"Plate_5_H7",439,"Plate_5","H7","61217_001_C7_D1_H7","61217_001","C7_D1","61217_001_C7_D1",FALSE
"Plate_5_H8",447,"Plate_5","H8","61217_001_C7_D1_H8","61217_001","C7_D1","61217_001_C7_D1",FALSE
"Plate_5_H9",455,"Plate_5","H9","61217_001_C7_D1_H9","61217_001","C7_D1","61217_001_C7_D1",TRUE
"Plate_6_A10",552,"Plate_6","A10","61213_011_C7_D1_A6","61213_011","C7_D1","61213_011_C7_D1",FALSE
"Plate_6_A11",560,"Plate_6","A11","61213_011_C7_D1_A7","61213_011","C7_D1","61213_011_C7_D1",FALSE
"Plate_6_A1",480,"Plate_6","A1","61289_003_C12_D29_A1","61289_003","C12_D29","61289_003_C12_D29",TRUE
"Plate_6_A2",488,"Plate_6","A2","61289_003_C12_D29_A2","61289_003","C12_D29","61289_003_C12_D29",FALSE
"Plate_6_A3",496,"Plate_6","A3","61289_003_C12_D29_A3","61289_003","C12_D29","61289_003_C12_D29",FALSE
"Plate_6_A4",504,"Plate_6","A4","61289_003_C12_D29_A4","61289_003","C12_D29","61289_003_C12_D29",FALSE
"Plate_6_A5",512,"Plate_6","A5","61289_003_C12_D29_A5","61289_003","C12_D29","61289_003_C12_D29",FALSE
"Plate_6_A6",520,"Plate_6","A6","61289_003_C12_D29_A6","61289_003","C12_D29","61289_003_C12_D29",FALSE
"Plate_6_A7",528,"Plate_6","A7","61289_003_C12_D29_A7","61289_003","C12_D29","61289_003_C12_D29",FALSE
"Plate_6_A8",536,"Plate_6","A8","61213_011_C7_D1_A4","61213_011","C7_D1","61213_011_C7_D1",FALSE
"Plate_6_A9",544,"Plate_6","A9","61213_011_C7_D1_A5","61213_011","C7_D1","61213_011_C7_D1",FALSE
"Plate_6_B10",553,"Plate_6","B10","61213_011_C7_D1_B6","61213_011","C7_D1","61213_011_C7_D1",FALSE
"Plate_6_B11",561,"Plate_6","B11","61213_011_C7_D1_B7","61213_011","C7_D1","61213_011_C7_D1",FALSE
"Plate_6_B1",481,"Plate_6","B1","61289_003_C12_D29_B1","61289_003","C12_D29","61289_003_C12_D29",FALSE
"Plate_6_B2",489,"Plate_6","B2","61289_003_C12_D29_B2","61289_003","C12_D29","61289_003_C12_D29",FALSE
"Plate_6_B3",497,"Plate_6","B3","61289_003_C12_D29_B3","61289_003","C12_D29","61289_003_C12_D29",FALSE
"Plate_6_B4",505,"Plate_6","B4","61289_003_C12_D29_B4","61289_003","C12_D29","61289_003_C12_D29",FALSE
"Plate_6_B5",513,"Plate_6","B5","61289_003_C12_D29_B5","61289_003","C12_D29","61289_003_C12_D29",FALSE
"Plate_6_B6",521,"Plate_6","B6","61289_003_C12_D29_B6","61289_003","C12_D29","61289_003_C12_D29",FALSE
"Plate_6_B7",529,"Plate_6","B7","61289_003_C12_D29_B7","61289_003","C12_D29","61289_003_C12_D29",FALSE
"Plate_6_B8",537,"Plate_6","B8","61213_011_C7_D1_B4","61213_011","C7_D1","61213_011_C7_D1",FALSE
"Plate_6_B9",545,"Plate_6","B9","61213_011_C7_D1_B5","61213_011","C7_D1","61213_011_C7_D1",FALSE
"Plate_6_C10",554,"Plate_6","C10","61213_011_C7_D1_C6","61213_011","C7_D1","61213_011_C7_D1",FALSE
"Plate_6_C11",562,"Plate_6","C11","61213_011_C7_D1_C7","61213_011","C7_D1","61213_011_C7_D1",FALSE
"Plate_6_C1",482,"Plate_6","C1","61289_003_C12_D29_C1","61289_003","C12_D29","61289_003_C12_D29",FALSE
"Plate_6_C2",490,"Plate_6","C2","61289_003_C12_D29_C2","61289_003","C12_D29","61289_003_C12_D29",FALSE
"Plate_6_C3",498,"Plate_6","C3","61289_003_C12_D29_C3","61289_003","C12_D29","61289_003_C12_D29",FALSE
"Plate_6_C4",506,"Plate_6","C4","61289_003_C12_D29_C4","61289_003","C12_D29","61289_003_C12_D29",TRUE
"Plate_6_C5",514,"Plate_6","C5","61289_003_C12_D29_C5","61289_003","C12_D29","61289_003_C12_D29",FALSE
"Plate_6_C6",522,"Plate_6","C6","61289_003_C12_D29_C6","61289_003","C12_D29","61289_003_C12_D29",FALSE
"Plate_6_C7",530,"Plate_6","C7","61289_003_C12_D29_C7","61289_003","C12_D29","61289_003_C12_D29",TRUE
"Plate_6_C8",538,"Plate_6","C8","61213_011_C7_D1_C4","61213_011","C7_D1","61213_011_C7_D1",FALSE
"Plate_6_C9",546,"Plate_6","C9","61213_011_C7_D1_C5","61213_011","C7_D1","61213_011_C7_D1",FALSE
"Plate_6_D10",555,"Plate_6","D10","61213_011_C7_D1_D6","61213_011","C7_D1","61213_011_C7_D1",FALSE
"Plate_6_D11",563,"Plate_6","D11","61213_011_C7_D1_D7","61213_011","C7_D1","61213_011_C7_D1",FALSE
"Plate_6_D1",483,"Plate_6","D1","61289_003_C12_D29_D1","61289_003","C12_D29","61289_003_C12_D29",FALSE
"Plate_6_D2",491,"Plate_6","D2","61289_003_C12_D29_D2","61289_003","C12_D29","61289_003_C12_D29",FALSE
"Plate_6_D3",499,"Plate_6","D3","61289_003_C12_D29_D3","61289_003","C12_D29","61289_003_C12_D29",FALSE
"Plate_6_D4",507,"Plate_6","D4","61289_003_C12_D29_D4","61289_003","C12_D29","61289_003_C12_D29",FALSE
"Plate_6_D5",515,"Plate_6","D5","61289_003_C12_D29_D5","61289_003","C12_D29","61289_003_C12_D29",FALSE
"Plate_6_D6",523,"Plate_6","D6","61289_003_C12_D29_D6","61289_003","C12_D29","61289_003_C12_D29",FALSE
"Plate_6_D7",531,"Plate_6","D7","61289_003_C12_D29_D7","61289_003","C12_D29","61289_003_C12_D29",TRUE
"Plate_6_D8",539,"Plate_6","D8","61213_011_C7_D1_D4","61213_011","C7_D1","61213_011_C7_D1",FALSE
"Plate_6_D9",547,"Plate_6","D9","61213_011_C7_D1_D5","61213_011","C7_D1","61213_011_C7_D1",FALSE
"Plate_6_E10",556,"Plate_6","E10","61213_011_C7_D1_E6","61213_011","C7_D1","61213_011_C7_D1",FALSE
"Plate_6_E11",564,"Plate_6","E11","61213_011_C7_D1_E7","61213_011","C7_D1","61213_011_C7_D1",FALSE
"Plate_6_E1",484,"Plate_6","E1","61289_003_C12_D29_E1","61289_003","C12_D29","61289_003_C12_D29",FALSE
"Plate_6_E2",492,"Plate_6","E2","61289_003_C12_D29_E2","61289_003","C12_D29","61289_003_C12_D29",FALSE
"Plate_6_E3",500,"Plate_6","E3","61289_003_C12_D29_E3","61289_003","C12_D29","61289_003_C12_D29",TRUE
"Plate_6_E4",508,"Plate_6","E4","61289_003_C12_D29_E4","61289_003","C12_D29","61289_003_C12_D29",FALSE
"Plate_6_E5",516,"Plate_6","E5","61289_003_C12_D29_E5","61289_003","C12_D29","61289_003_C12_D29",FALSE
"Plate_6_E6",524,"Plate_6","E6","61289_003_C12_D29_E6","61289_003","C12_D29","61289_003_C12_D29",FALSE
"Plate_6_E7",532,"Plate_6","E7","61289_003_C12_D29_E7","61289_003","C12_D29","61289_003_C12_D29",TRUE
"Plate_6_E8",540,"Plate_6","E8","61213_011_C7_D1_E4","61213_011","C7_D1","61213_011_C7_D1",FALSE
"Plate_6_E9",548,"Plate_6","E9","61213_011_C7_D1_E5","61213_011","C7_D1","61213_011_C7_D1",FALSE
"Plate_6_F10",557,"Plate_6","F10","61213_011_C7_D1_F6","61213_011","C7_D1","61213_011_C7_D1",FALSE
"Plate_6_F11",565,"Plate_6","F11","61213_011_C7_D1_F7","61213_011","C7_D1","61213_011_C7_D1",TRUE
"Plate_6_F1",485,"Plate_6","F1","61289_003_C12_D29_F1","61289_003","C12_D29","61289_003_C12_D29",FALSE
"Plate_6_F2",493,"Plate_6","F2","61289_003_C12_D29_F2","61289_003","C12_D29","61289_003_C12_D29",FALSE
"Plate_6_F3",501,"Plate_6","F3","61289_003_C12_D29_F3","61289_003","C12_D29","61289_003_C12_D29",FALSE
"Plate_6_F4",509,"Plate_6","F4","61289_003_C12_D29_F4","61289_003","C12_D29","61289_003_C12_D29",FALSE
"Plate_6_F5",517,"Plate_6","F5","61289_003_C12_D29_F5","61289_003","C12_D29","61289_003_C12_D29",FALSE
"Plate_6_F6",525,"Plate_6","F6","61289_003_C12_D29_F6","61289_003","C12_D29","61289_003_C12_D29",FALSE
"Plate_6_F7",533,"Plate_6","F7","61289_003_C12_D29_F7","61289_003","C12_D29","61289_003_C12_D29",TRUE
"Plate_6_F8",541,"Plate_6","F8","61213_011_C7_D1_F4","61213_011","C7_D1","61213_011_C7_D1",FALSE
"Plate_6_G10",558,"Plate_6","G10","61213_011_C7_D1_G6","61213_011","C7_D1","61213_011_C7_D1",FALSE
"Plate_6_G11",566,"Plate_6","G11","61213_011_C7_D1_G7","61213_011","C7_D1","61213_011_C7_D1",FALSE
"Plate_6_G1",486,"Plate_6","G1","61289_003_C12_D29_G1","61289_003","C12_D29","61289_003_C12_D29",FALSE
"Plate_6_G2",494,"Plate_6","G2","61289_003_C12_D29_G2","61289_003","C12_D29","61289_003_C12_D29",TRUE
"Plate_6_G3",502,"Plate_6","G3","61289_003_C12_D29_G3","61289_003","C12_D29","61289_003_C12_D29",FALSE
"Plate_6_G4",510,"Plate_6","G4","61289_003_C12_D29_G4","61289_003","C12_D29","61289_003_C12_D29",FALSE
"Plate_6_G5",518,"Plate_6","G5","61289_003_C12_D29_G5","61289_003","C12_D29","61289_003_C12_D29",FALSE
"Plate_6_G6",526,"Plate_6","G6","61289_003_C12_D29_G6","61289_003","C12_D29","61289_003_C12_D29",FALSE
"Plate_6_G7",534,"Plate_6","G7","61289_003_C12_D29_G7","61289_003","C12_D29","61289_003_C12_D29",TRUE
"Plate_6_G8",542,"Plate_6","G8","61213_011_C7_D1_G4","61213_011","C7_D1","61213_011_C7_D1",FALSE
"Plate_6_G9",550,"Plate_6","G9","61213_011_C7_D1_G5","61213_011","C7_D1","61213_011_C7_D1",FALSE
"Plate_6_H10",559,"Plate_6","H10","61213_011_C7_D1_H6","61213_011","C7_D1","61213_011_C7_D1",FALSE
"Plate_6_H11",567,"Plate_6","H11","61213_011_C7_D1_H7","61213_011","C7_D1","61213_011_C7_D1",FALSE
"Plate_6_H2",495,"Plate_6","H2","61289_003_C12_D29_H2","61289_003","C12_D29","61289_003_C12_D29",FALSE
"Plate_6_H3",503,"Plate_6","H3","61289_003_C12_D29_H3","61289_003","C12_D29","61289_003_C12_D29",FALSE
"Plate_6_H4",511,"Plate_6","H4","61289_003_C12_D29_H4","61289_003","C12_D29","61289_003_C12_D29",FALSE
"Plate_6_H5",519,"Plate_6","H5","61289_003_C12_D29_H5","61289_003","C12_D29","61289_003_C12_D29",FALSE
"Plate_6_H6",527,"Plate_6","H6","61289_003_C12_D29_H6","61289_003","C12_D29","61289_003_C12_D29",FALSE
"Plate_6_H7",535,"Plate_6","H7","61289_003_C12_D29_H7","61289_003","C12_D29","61289_003_C12_D29",TRUE
"Plate_7_A10",648,"Plate_7","A10","61213_011_C12_D29_A10","61213_011","C12_D29","61213_011_C12_D29",TRUE
"Plate_7_A11",656,"Plate_7","A11","2023_12_07_61289_003_C7_D1_A1","61289_003","C7_D1","61289_003_C7_D1",FALSE
"Plate_7_A12",664,"Plate_7","A12","61213_011_C1_D8_A4","61213_011","C1_D8","61213_011_C1_D8",FALSE
"Plate_7_A1",576,"Plate_7","A1","61213_011_C12_D29_A1","61213_011","C12_D29","61213_011_C12_D29",FALSE
"Plate_7_A2",584,"Plate_7","A2","61213_011_C12_D29_A2","61213_011","C12_D29","61213_011_C12_D29",FALSE
"Plate_7_A3",592,"Plate_7","A3","61213_011_C12_D29_A3","61213_011","C12_D29","61213_011_C12_D29",FALSE
"Plate_7_A4",600,"Plate_7","A4","61213_011_C12_D29_A4","61213_011","C12_D29","61213_011_C12_D29",FALSE
"Plate_7_A5",608,"Plate_7","A5","61213_011_C12_D29_A5","61213_011","C12_D29","61213_011_C12_D29",FALSE
"Plate_7_A6",616,"Plate_7","A6","61213_011_C12_D29_A6","61213_011","C12_D29","61213_011_C12_D29",FALSE
"Plate_7_A7",624,"Plate_7","A7","61213_011_C12_D29_A7","61213_011","C12_D29","61213_011_C12_D29",FALSE
"Plate_7_A8",632,"Plate_7","A8","61213_011_C12_D29_A8","61213_011","C12_D29","61213_011_C12_D29",FALSE
"Plate_7_A9",640,"Plate_7","A9","61213_011_C12_D29_A9","61213_011","C12_D29","61213_011_C12_D29",FALSE
"Plate_7_B10",649,"Plate_7","B10","61213_011_C12_D29_B10","61213_011","C12_D29","61213_011_C12_D29",TRUE
"Plate_7_B11",657,"Plate_7","B11","2023_12_07_61289_003_C7_D1_B1","61289_003","C7_D1","61289_003_C7_D1",FALSE
"Plate_7_B12",665,"Plate_7","B12","61213_011_C1_D8_B4","61213_011","C1_D8","61213_011_C1_D8",FALSE
"Plate_7_B1",577,"Plate_7","B1","61213_011_C12_D29_B1","61213_011","C12_D29","61213_011_C12_D29",FALSE
"Plate_7_B2",585,"Plate_7","B2","61213_011_C12_D29_B2","61213_011","C12_D29","61213_011_C12_D29",TRUE
"Plate_7_B3",593,"Plate_7","B3","61213_011_C12_D29_B3","61213_011","C12_D29","61213_011_C12_D29",FALSE
"Plate_7_B4",601,"Plate_7","B4","61213_011_C12_D29_B4","61213_011","C12_D29","61213_011_C12_D29",FALSE
"Plate_7_B5",609,"Plate_7","B5","61213_011_C12_D29_B5","61213_011","C12_D29","61213_011_C12_D29",FALSE
"Plate_7_B6",617,"Plate_7","B6","61213_011_C12_D29_B6","61213_011","C12_D29","61213_011_C12_D29",FALSE
"Plate_7_B7",625,"Plate_7","B7","61213_011_C12_D29_B7","61213_011","C12_D29","61213_011_C12_D29",FALSE
"Plate_7_B8",633,"Plate_7","B8","61213_011_C12_D29_B8","61213_011","C12_D29","61213_011_C12_D29",FALSE
"Plate_7_B9",641,"Plate_7","B9","61213_011_C12_D29_B9","61213_011","C12_D29","61213_011_C12_D29",FALSE
"Plate_7_C10",650,"Plate_7","C10","61213_011_C12_D29_C10","61213_011","C12_D29","61213_011_C12_D29",TRUE
"Plate_7_C11",658,"Plate_7","C11","2023_12_07_61289_003_C7_D1_C1","61289_003","C7_D1","61289_003_C7_D1",TRUE
"Plate_7_C12",666,"Plate_7","C12","61213_011_C1_D8_C4","61213_011","C1_D8","61213_011_C1_D8",FALSE
"Plate_7_C1",578,"Plate_7","C1","61213_011_C12_D29_C1","61213_011","C12_D29","61213_011_C12_D29",FALSE
"Plate_7_C2",586,"Plate_7","C2","61213_011_C12_D29_C2","61213_011","C12_D29","61213_011_C12_D29",FALSE
"Plate_7_C3",594,"Plate_7","C3","61213_011_C12_D29_C3","61213_011","C12_D29","61213_011_C12_D29",FALSE
"Plate_7_C4",602,"Plate_7","C4","61213_011_C12_D29_C4","61213_011","C12_D29","61213_011_C12_D29",FALSE
"Plate_7_C5",610,"Plate_7","C5","61213_011_C12_D29_C5","61213_011","C12_D29","61213_011_C12_D29",FALSE
"Plate_7_C6",618,"Plate_7","C6","61213_011_C12_D29_C6","61213_011","C12_D29","61213_011_C12_D29",FALSE
"Plate_7_C7",626,"Plate_7","C7","61213_011_C12_D29_C7","61213_011","C12_D29","61213_011_C12_D29",FALSE
"Plate_7_C8",634,"Plate_7","C8","61213_011_C12_D29_C8","61213_011","C12_D29","61213_011_C12_D29",FALSE
"Plate_7_C9",642,"Plate_7","C9","61213_011_C12_D29_C9","61213_011","C12_D29","61213_011_C12_D29",FALSE
"Plate_7_D10",651,"Plate_7","D10","61213_011_C12_D29_D10","61213_011","C12_D29","61213_011_C12_D29",TRUE
"Plate_7_D11",659,"Plate_7","D11","2023_12_07_61289_003_C7_D1_D1","61289_003","C7_D1","61289_003_C7_D1",FALSE
"Plate_7_D12",667,"Plate_7","D12","61213_011_C1_D8_D4","61213_011","C1_D8","61213_011_C1_D8",FALSE
"Plate_7_D1",579,"Plate_7","D1","61213_011_C12_D29_D1","61213_011","C12_D29","61213_011_C12_D29",TRUE
"Plate_7_D2",587,"Plate_7","D2","61213_011_C12_D29_D2","61213_011","C12_D29","61213_011_C12_D29",FALSE
"Plate_7_D3",595,"Plate_7","D3","61213_011_C12_D29_D3","61213_011","C12_D29","61213_011_C12_D29",FALSE
"Plate_7_D4",603,"Plate_7","D4","61213_011_C12_D29_D4","61213_011","C12_D29","61213_011_C12_D29",FALSE
"Plate_7_D5",611,"Plate_7","D5","61213_011_C12_D29_D5","61213_011","C12_D29","61213_011_C12_D29",FALSE
"Plate_7_D6",619,"Plate_7","D6","61213_011_C12_D29_D6","61213_011","C12_D29","61213_011_C12_D29",TRUE
"Plate_7_D7",627,"Plate_7","D7","61213_011_C12_D29_D7","61213_011","C12_D29","61213_011_C12_D29",FALSE
"Plate_7_D8",635,"Plate_7","D8","61213_011_C12_D29_D8","61213_011","C12_D29","61213_011_C12_D29",FALSE
"Plate_7_D9",643,"Plate_7","D9","61213_011_C12_D29_D9","61213_011","C12_D29","61213_011_C12_D29",FALSE
"Plate_7_E10",652,"Plate_7","E10","61213_011_C12_D29_E10","61213_011","C12_D29","61213_011_C12_D29",TRUE
"Plate_7_E11",660,"Plate_7","E11","2023_12_07_61289_003_C7_D1_E1","61289_003","C7_D1","61289_003_C7_D1",FALSE
"Plate_7_E12",668,"Plate_7","E12","61213_011_C1_D8_E4","61213_011","C1_D8","61213_011_C1_D8",FALSE
"Plate_7_E1",580,"Plate_7","E1","61213_011_C12_D29_E1","61213_011","C12_D29","61213_011_C12_D29",FALSE
"Plate_7_E2",588,"Plate_7","E2","61213_011_C12_D29_E2","61213_011","C12_D29","61213_011_C12_D29",FALSE
"Plate_7_E3",596,"Plate_7","E3","61213_011_C12_D29_E3","61213_011","C12_D29","61213_011_C12_D29",FALSE
"Plate_7_E4",604,"Plate_7","E4","61213_011_C12_D29_E4","61213_011","C12_D29","61213_011_C12_D29",FALSE
"Plate_7_E5",612,"Plate_7","E5","61213_011_C12_D29_E5","61213_011","C12_D29","61213_011_C12_D29",FALSE
"Plate_7_E6",620,"Plate_7","E6","61213_011_C12_D29_E6","61213_011","C12_D29","61213_011_C12_D29",FALSE
"Plate_7_E7",628,"Plate_7","E7","61213_011_C12_D29_E7","61213_011","C12_D29","61213_011_C12_D29",FALSE
"Plate_7_E8",636,"Plate_7","E8","61213_011_C12_D29_E8","61213_011","C12_D29","61213_011_C12_D29",FALSE
"Plate_7_E9",644,"Plate_7","E9","61213_011_C12_D29_E9","61213_011","C12_D29","61213_011_C12_D29",FALSE
"Plate_7_F10",653,"Plate_7","F10","61213_011_C12_D29_F10","61213_011","C12_D29","61213_011_C12_D29",TRUE
"Plate_7_F11",661,"Plate_7","F11","2023_12_07_61289_003_C7_D1_F1","61289_003","C7_D1","61289_003_C7_D1",FALSE
"Plate_7_F12",669,"Plate_7","F12","61213_011_C1_D8_F4","61213_011","C1_D8","61213_011_C1_D8",FALSE
"Plate_7_F1",581,"Plate_7","F1","61213_011_C12_D29_F1","61213_011","C12_D29","61213_011_C12_D29",FALSE
"Plate_7_F2",589,"Plate_7","F2","61213_011_C12_D29_F2","61213_011","C12_D29","61213_011_C12_D29",FALSE
"Plate_7_F3",597,"Plate_7","F3","61213_011_C12_D29_F3","61213_011","C12_D29","61213_011_C12_D29",TRUE
"Plate_7_F4",605,"Plate_7","F4","61213_011_C12_D29_F4","61213_011","C12_D29","61213_011_C12_D29",FALSE
"Plate_7_F5",613,"Plate_7","F5","61213_011_C12_D29_F5","61213_011","C12_D29","61213_011_C12_D29",FALSE
"Plate_7_F6",621,"Plate_7","F6","61213_011_C12_D29_F6","61213_011","C12_D29","61213_011_C12_D29",FALSE
"Plate_7_F7",629,"Plate_7","F7","61213_011_C12_D29_F7","61213_011","C12_D29","61213_011_C12_D29",FALSE
"Plate_7_F8",637,"Plate_7","F8","61213_011_C12_D29_F8","61213_011","C12_D29","61213_011_C12_D29",FALSE
"Plate_7_F9",645,"Plate_7","F9","61213_011_C12_D29_F9","61213_011","C12_D29","61213_011_C12_D29",FALSE
"Plate_7_G10",654,"Plate_7","G10","61213_011_C12_D29_G10","61213_011","C12_D29","61213_011_C12_D29",FALSE
"Plate_7_G11",662,"Plate_7","G11","2023_12_07_61289_003_C7_D1_G1","61289_003","C7_D1","61289_003_C7_D1",FALSE
"Plate_7_G12",670,"Plate_7","G12","61213_011_C1_D8_G4","61213_011","C1_D8","61213_011_C1_D8",FALSE
"Plate_7_G1",582,"Plate_7","G1","61213_011_C12_D29_G1","61213_011","C12_D29","61213_011_C12_D29",FALSE
"Plate_7_G2",590,"Plate_7","G2","61213_011_C12_D29_G2","61213_011","C12_D29","61213_011_C12_D29",FALSE
"Plate_7_G3",598,"Plate_7","G3","61213_011_C12_D29_G3","61213_011","C12_D29","61213_011_C12_D29",FALSE
"Plate_7_G4",606,"Plate_7","G4","61213_011_C12_D29_G4","61213_011","C12_D29","61213_011_C12_D29",FALSE
"Plate_7_G5",614,"Plate_7","G5","61213_011_C12_D29_G5","61213_011","C12_D29","61213_011_C12_D29",FALSE
"Plate_7_G6",622,"Plate_7","G6","61213_011_C12_D29_G6","61213_011","C12_D29","61213_011_C12_D29",FALSE
"Plate_7_G7",630,"Plate_7","G7","61213_011_C12_D29_G7","61213_011","C12_D29","61213_011_C12_D29",FALSE
"Plate_7_G8",638,"Plate_7","G8","61213_011_C12_D29_G8","61213_011","C12_D29","61213_011_C12_D29",FALSE
"Plate_7_G9",646,"Plate_7","G9","61213_011_C12_D29_G9","61213_011","C12_D29","61213_011_C12_D29",FALSE
"Plate_7_H10",655,"Plate_7","H10","61213_011_C12_D29_H10","61213_011","C12_D29","61213_011_C12_D29",FALSE
"Plate_7_H11",663,"Plate_7","H11","2023_12_07_61289_003_C7_D1_H1","61289_003","C7_D1","61289_003_C7_D1",FALSE
"Plate_7_H12",671,"Plate_7","H12","61213_011_C1_D8_H4","61213_011","C1_D8","61213_011_C1_D8",FALSE
"Plate_7_H1",583,"Plate_7","H1","61213_011_C12_D29_H1","61213_011","C12_D29","61213_011_C12_D29",FALSE
"Plate_7_H2",591,"Plate_7","H2","61213_011_C12_D29_H2","61213_011","C12_D29","61213_011_C12_D29",FALSE
"Plate_7_H3",599,"Plate_7","H3","61213_011_C12_D29_H3","61213_011","C12_D29","61213_011_C12_D29",FALSE
"Plate_7_H4",607,"Plate_7","H4","61213_011_C12_D29_H4","61213_011","C12_D29","61213_011_C12_D29",FALSE
"Plate_7_H5",615,"Plate_7","H5","61213_011_C12_D29_H5","61213_011","C12_D29","61213_011_C12_D29",FALSE
"Plate_7_H6",623,"Plate_7","H6","61213_011_C12_D29_H6","61213_011","C12_D29","61213_011_C12_D29",FALSE
"Plate_7_H7",631,"Plate_7","H7","61213_011_C12_D29_H7","61213_011","C12_D29","61213_011_C12_D29",FALSE
"Plate_7_H8",639,"Plate_7","H8","61213_011_C12_D29_H8","61213_011","C12_D29","61213_011_C12_D29",FALSE
"Plate_7_H9",647,"Plate_7","H9","61213_011_C12_D29_H9","61213_011","C12_D29","61213_011_C12_D29",FALSE
"Plate_8_A10",744,"Plate_8","A10","61213_011_C1_D8_A8","61213_011","C1_D8","61213_011_C1_D8",FALSE
"Plate_8_A11",752,"Plate_8","A11","61213_011_C1_D8_A9","61213_011","C1_D8","61213_011_C1_D8",TRUE
"Plate_8_A12",760,"Plate_8","A12","61213_011_C1_D8_A1","61213_011","C1_D8","61213_011_C1_D8",FALSE
"Plate_8_A1",672,"Plate_8","A1","61289_003_C1_D1_A1","61289_003","C1_D1","61289_003_C1_D1",FALSE
"Plate_8_A2",680,"Plate_8","A2","61289_003_C1_D1_A2","61289_003","C1_D1","61289_003_C1_D1",FALSE
"Plate_8_A3",688,"Plate_8","A3","61289_003_C1_D1_A3","61289_003","C1_D1","61289_003_C1_D1",FALSE
"Plate_8_A4",696,"Plate_8","A4","61289_003_C1_D1_A4","61289_003","C1_D1","61289_003_C1_D1",FALSE
"Plate_8_A5",704,"Plate_8","A5","61289_003_C1_D1_A5","61289_003","C1_D1","61289_003_C1_D1",FALSE
"Plate_8_A6",712,"Plate_8","A6","61289_003_C1_D1_A6","61289_003","C1_D1","61289_003_C1_D1",TRUE
"Plate_8_A7",720,"Plate_8","A7","61213_011_C1_D8_A5","61213_011","C1_D8","61213_011_C1_D8",FALSE
"Plate_8_A8",728,"Plate_8","A8","61213_011_C1_D8_A6","61213_011","C1_D8","61213_011_C1_D8",FALSE
"Plate_8_A9",736,"Plate_8","A9","61213_011_C1_D8_A7","61213_011","C1_D8","61213_011_C1_D8",FALSE
"Plate_8_B10",745,"Plate_8","B10","61213_011_C1_D8_B8","61213_011","C1_D8","61213_011_C1_D8",FALSE
"Plate_8_B11",753,"Plate_8","B11","61213_011_C1_D8_B9","61213_011","C1_D8","61213_011_C1_D8",TRUE
"Plate_8_B12",761,"Plate_8","B12","61213_011_C1_D8_A2","61213_011","C1_D8","61213_011_C1_D8",FALSE
"Plate_8_B1",673,"Plate_8","B1","61289_003_C1_D1_B1","61289_003","C1_D1","61289_003_C1_D1",FALSE
"Plate_8_B2",681,"Plate_8","B2","61289_003_C1_D1_B2","61289_003","C1_D1","61289_003_C1_D1",FALSE
"Plate_8_B3",689,"Plate_8","B3","61289_003_C1_D1_B3","61289_003","C1_D1","61289_003_C1_D1",FALSE
"Plate_8_B4",697,"Plate_8","B4","61289_003_C1_D1_B4","61289_003","C1_D1","61289_003_C1_D1",FALSE
"Plate_8_B5",705,"Plate_8","B5","61289_003_C1_D1_B5","61289_003","C1_D1","61289_003_C1_D1",TRUE
"Plate_8_B6",713,"Plate_8","B6","61289_003_C1_D1_B6","61289_003","C1_D1","61289_003_C1_D1",TRUE
"Plate_8_B7",721,"Plate_8","B7","61213_011_C1_D8_B5","61213_011","C1_D8","61213_011_C1_D8",FALSE
"Plate_8_B8",729,"Plate_8","B8","61213_011_C1_D8_B6","61213_011","C1_D8","61213_011_C1_D8",FALSE
"Plate_8_B9",737,"Plate_8","B9","61213_011_C1_D8_B7","61213_011","C1_D8","61213_011_C1_D8",FALSE
"Plate_8_C10",746,"Plate_8","C10","61213_011_C1_D8_C8","61213_011","C1_D8","61213_011_C1_D8",FALSE
"Plate_8_C11",754,"Plate_8","C11","61213_011_C1_D8_C9","61213_011","C1_D8","61213_011_C1_D8",FALSE
"Plate_8_C12",762,"Plate_8","C12","61213_011_C1_D8_A3","61213_011","C1_D8","61213_011_C1_D8",FALSE
"Plate_8_C1",674,"Plate_8","C1","61289_003_C1_D1_C1","61289_003","C1_D1","61289_003_C1_D1",FALSE
"Plate_8_C2",682,"Plate_8","C2","61289_003_C1_D1_C2","61289_003","C1_D1","61289_003_C1_D1",TRUE
"Plate_8_C3",690,"Plate_8","C3","61289_003_C1_D1_C3","61289_003","C1_D1","61289_003_C1_D1",FALSE
"Plate_8_C4",698,"Plate_8","C4","61289_003_C1_D1_C4","61289_003","C1_D1","61289_003_C1_D1",FALSE
"Plate_8_C5",706,"Plate_8","C5","61289_003_C1_D1_C5","61289_003","C1_D1","61289_003_C1_D1",FALSE
"Plate_8_C6",714,"Plate_8","C6","61289_003_C1_D1_C6","61289_003","C1_D1","61289_003_C1_D1",TRUE
"Plate_8_C7",722,"Plate_8","C7","61213_011_C1_D8_C5","61213_011","C1_D8","61213_011_C1_D8",FALSE
"Plate_8_C8",730,"Plate_8","C8","61213_011_C1_D8_C6","61213_011","C1_D8","61213_011_C1_D8",FALSE
"Plate_8_C9",738,"Plate_8","C9","61213_011_C1_D8_C7","61213_011","C1_D8","61213_011_C1_D8",FALSE
"Plate_8_D10",747,"Plate_8","D10","61213_011_C1_D8_D8","61213_011","C1_D8","61213_011_C1_D8",FALSE
"Plate_8_D11",755,"Plate_8","D11","61213_011_C1_D8_D9","61213_011","C1_D8","61213_011_C1_D8",FALSE
"Plate_8_D12",NA,NA,NA,NA,NA,NA,NA,FALSE
"Plate_8_D1",675,"Plate_8","D1","61289_003_C1_D1_D1","61289_003","C1_D1","61289_003_C1_D1",FALSE
"Plate_8_D2",683,"Plate_8","D2","61289_003_C1_D1_D2","61289_003","C1_D1","61289_003_C1_D1",FALSE
"Plate_8_D3",691,"Plate_8","D3","61289_003_C1_D1_D3","61289_003","C1_D1","61289_003_C1_D1",FALSE
"Plate_8_D4",699,"Plate_8","D4","61289_003_C1_D1_D4","61289_003","C1_D1","61289_003_C1_D1",FALSE
"Plate_8_D5",707,"Plate_8","D5","61289_003_C1_D1_D5","61289_003","C1_D1","61289_003_C1_D1",FALSE
"Plate_8_D6",715,"Plate_8","D6","61289_003_C1_D1_D6","61289_003","C1_D1","61289_003_C1_D1",TRUE
"Plate_8_D7",723,"Plate_8","D7","61213_011_C1_D8_D5","61213_011","C1_D8","61213_011_C1_D8",TRUE
"Plate_8_D8",731,"Plate_8","D8","61213_011_C1_D8_D6","61213_011","C1_D8","61213_011_C1_D8",FALSE
"Plate_8_D9",739,"Plate_8","D9","61213_011_C1_D8_D7","61213_011","C1_D8","61213_011_C1_D8",FALSE
"Plate_8_E10",748,"Plate_8","E10","61213_011_C1_D8_E8","61213_011","C1_D8","61213_011_C1_D8",FALSE
"Plate_8_E11",756,"Plate_8","E11","61213_011_C1_D8_E9","61213_011","C1_D8","61213_011_C1_D8",FALSE
"Plate_8_E1",676,"Plate_8","E1","61289_003_C1_D1_E1","61289_003","C1_D1","61289_003_C1_D1",FALSE
"Plate_8_E2",684,"Plate_8","E2","61289_003_C1_D1_E2","61289_003","C1_D1","61289_003_C1_D1",FALSE
"Plate_8_E3",692,"Plate_8","E3","61289_003_C1_D1_E3","61289_003","C1_D1","61289_003_C1_D1",FALSE
"Plate_8_E4",700,"Plate_8","E4","61289_003_C1_D1_E4","61289_003","C1_D1","61289_003_C1_D1",FALSE
"Plate_8_E5",708,"Plate_8","E5","61289_003_C1_D1_E5","61289_003","C1_D1","61289_003_C1_D1",FALSE
"Plate_8_E6",716,"Plate_8","E6","61289_003_C1_D1_E6","61289_003","C1_D1","61289_003_C1_D1",TRUE
"Plate_8_E7",724,"Plate_8","E7","61213_011_C1_D8_E5","61213_011","C1_D8","61213_011_C1_D8",FALSE
"Plate_8_E8",732,"Plate_8","E8","61213_011_C1_D8_E6","61213_011","C1_D8","61213_011_C1_D8",FALSE
"Plate_8_E9",740,"Plate_8","E9","61213_011_C1_D8_E7","61213_011","C1_D8","61213_011_C1_D8",FALSE
"Plate_8_F10",749,"Plate_8","F10","61213_011_C1_D8_F8","61213_011","C1_D8","61213_011_C1_D8",FALSE
"Plate_8_F11",757,"Plate_8","F11","61213_011_C1_D8_F9","61213_011","C1_D8","61213_011_C1_D8",FALSE
"Plate_8_F1",677,"Plate_8","F1","61289_003_C1_D1_F1","61289_003","C1_D1","61289_003_C1_D1",FALSE
"Plate_8_F2",685,"Plate_8","F2","61289_003_C1_D1_F2","61289_003","C1_D1","61289_003_C1_D1",FALSE
"Plate_8_F3",693,"Plate_8","F3","61289_003_C1_D1_F3","61289_003","C1_D1","61289_003_C1_D1",FALSE
"Plate_8_F4",701,"Plate_8","F4","61289_003_C1_D1_F4","61289_003","C1_D1","61289_003_C1_D1",FALSE
"Plate_8_F5",709,"Plate_8","F5","61289_003_C1_D1_F5","61289_003","C1_D1","61289_003_C1_D1",FALSE
"Plate_8_F6",717,"Plate_8","F6","61289_003_C1_D1_F6","61289_003","C1_D1","61289_003_C1_D1",FALSE
"Plate_8_F7",725,"Plate_8","F7","61213_011_C1_D8_F5","61213_011","C1_D8","61213_011_C1_D8",FALSE
"Plate_8_F8",733,"Plate_8","F8","61213_011_C1_D8_F6","61213_011","C1_D8","61213_011_C1_D8",FALSE
"Plate_8_F9",741,"Plate_8","F9","61213_011_C1_D8_F7","61213_011","C1_D8","61213_011_C1_D8",FALSE
"Plate_8_G10",750,"Plate_8","G10","61213_011_C1_D8_G8","61213_011","C1_D8","61213_011_C1_D8",FALSE
"Plate_8_G11",758,"Plate_8","G11","61213_011_C1_D8_G9","61213_011","C1_D8","61213_011_C1_D8",FALSE
"Plate_8_G1",678,"Plate_8","G1","61289_003_C1_D1_G1","61289_003","C1_D1","61289_003_C1_D1",TRUE
"Plate_8_G2",686,"Plate_8","G2","61289_003_C1_D1_G2","61289_003","C1_D1","61289_003_C1_D1",FALSE
"Plate_8_G3",694,"Plate_8","G3","61289_003_C1_D1_G3","61289_003","C1_D1","61289_003_C1_D1",FALSE
"Plate_8_G4",702,"Plate_8","G4","61289_003_C1_D1_G4","61289_003","C1_D1","61289_003_C1_D1",TRUE
"Plate_8_G5",710,"Plate_8","G5","61289_003_C1_D1_G5","61289_003","C1_D1","61289_003_C1_D1",FALSE
"Plate_8_G6",718,"Plate_8","G6","61289_003_C1_D1_G6","61289_003","C1_D1","61289_003_C1_D1",FALSE
"Plate_8_G7",726,"Plate_8","G7","61213_011_C1_D8_G5","61213_011","C1_D8","61213_011_C1_D8",FALSE
"Plate_8_G8",734,"Plate_8","G8","61213_011_C1_D8_G6","61213_011","C1_D8","61213_011_C1_D8",FALSE
"Plate_8_G9",742,"Plate_8","G9","61213_011_C1_D8_G7","61213_011","C1_D8","61213_011_C1_D8",FALSE
"Plate_8_H10",751,"Plate_8","H10","61213_011_C1_D8_H8","61213_011","C1_D8","61213_011_C1_D8",FALSE
"Plate_8_H11",759,"Plate_8","H11","61213_011_C1_D8_H9","61213_011","C1_D8","61213_011_C1_D8",FALSE
"Plate_8_H1",679,"Plate_8","H1","61289_003_C1_D1_H1","61289_003","C1_D1","61289_003_C1_D1",FALSE
"Plate_8_H2",687,"Plate_8","H2","61289_003_C1_D1_H2","61289_003","C1_D1","61289_003_C1_D1",FALSE
"Plate_8_H3",695,"Plate_8","H3","61289_003_C1_D1_H3","61289_003","C1_D1","61289_003_C1_D1",FALSE
"Plate_8_H4",703,"Plate_8","H4","61289_003_C1_D1_H4","61289_003","C1_D1","61289_003_C1_D1",FALSE
"Plate_8_H5",711,"Plate_8","H5","61289_003_C1_D1_H5","61289_003","C1_D1","61289_003_C1_D1",FALSE
"Plate_8_H6",719,"Plate_8","H6","61289_003_C1_D1_H6","61289_003","C1_D1","61289_003_C1_D1",FALSE
"Plate_8_H7",727,"Plate_8","H7","61213_011_C1_D8_H5","61213_011","C1_D8","61213_011_C1_D8",FALSE
"Plate_8_H8",735,"Plate_8","H8","61213_011_C1_D8_H6","61213_011","C1_D8","61213_011_C1_D8",FALSE
"Plate_8_H9",743,"Plate_8","H9","61213_011_C1_D8_H7","61213_011","C1_D8","61213_011_C1_D8",FALSE
"Plate_9_A1",768,"Plate_9","A1","2024_01_17_61289_003_C7_D1_A1","61289_003","C7_D1","61289_003_C7_D1",FALSE
"Plate_9_A2",776,"Plate_9","A2","2024_01_17_61289_003_C7_D1_A2","61289_003","C7_D1","61289_003_C7_D1",TRUE
"Plate_9_A3",784,"Plate_9","A3","2024_01_22_61289_003_C7_D1_A1","61289_003","C7_D1","61289_003_C7_D1",FALSE
"Plate_9_A4",792,"Plate_9","A4","2024_01_22_61289_003_C7_D1_A2","61289_003","C7_D1","61289_003_C7_D1",FALSE
"Plate_9_A5",800,"Plate_9","A5","HSA2019_A1","HSA2019","HSA","HSA2019",FALSE
"Plate_9_A6",808,"Plate_9","A6","HSA2019_A9","HSA2019","HSA","HSA2019",FALSE
"Plate_9_A7",816,"Plate_9","A7","HSA2019_B10","HSA2019","HSA","HSA2019",FALSE
"Plate_9_B1",769,"Plate_9","B1","2024_01_17_61289_003_C7_D1_B1","61289_003","C7_D1","61289_003_C7_D1",FALSE
"Plate_9_B2",777,"Plate_9","B2","2024_01_17_61289_003_C7_D1_B2","61289_003","C7_D1","61289_003_C7_D1",TRUE
"Plate_9_B3",785,"Plate_9","B3","2024_01_22_61289_003_C7_D1_B1","61289_003","C7_D1","61289_003_C7_D1",FALSE
"Plate_9_B4",793,"Plate_9","B4","2024_01_22_61289_003_C7_D1_B2","61289_003","C7_D1","61289_003_C7_D1",FALSE
"Plate_9_B5",801,"Plate_9","B5","HSA2019_A2","HSA2019","HSA","HSA2019",FALSE
"Plate_9_B6",809,"Plate_9","B6","HSA2019_A10","HSA2019","HSA","HSA2019",FALSE
"Plate_9_B7",817,"Plate_9","B7","HSA2019_B11","HSA2019","HSA","HSA2019",FALSE
"Plate_9_C1",770,"Plate_9","C1","2024_01_17_61289_003_C7_D1_C1","61289_003","C7_D1","61289_003_C7_D1",FALSE
"Plate_9_C2",778,"Plate_9","C2","2024_01_17_61289_003_C7_D1_C2","61289_003","C7_D1","61289_003_C7_D1",TRUE
"Plate_9_C3",786,"Plate_9","C3","2024_01_22_61289_003_C7_D1_C1","61289_003","C7_D1","61289_003_C7_D1",TRUE
"Plate_9_C4",794,"Plate_9","C4","2024_01_22_61289_003_C7_D1_C2","61289_003","C7_D1","61289_003_C7_D1",FALSE
"Plate_9_C5",802,"Plate_9","C5","HSA2019_A3","HSA2019","HSA","HSA2019",FALSE
"Plate_9_C6",810,"Plate_9","C6","HSA2019_A11","HSA2019","HSA","HSA2019",FALSE
"Plate_9_C7",818,"Plate_9","C7","HSA2019_B12","HSA2019","HSA","HSA2019",FALSE
"Plate_9_D1",771,"Plate_9","D1","2024_01_17_61289_003_C7_D1_D1","61289_003","C7_D1","61289_003_C7_D1",TRUE
"Plate_9_D2",779,"Plate_9","D2","2024_01_17_61289_003_C7_D1_D2","61289_003","C7_D1","61289_003_C7_D1",TRUE
"Plate_9_D3",787,"Plate_9","D3","2024_01_22_61289_003_C7_D1_D1","61289_003","C7_D1","61289_003_C7_D1",FALSE
"Plate_9_D4",795,"Plate_9","D4","2024_01_22_61289_003_C7_D1_D2","61289_003","C7_D1","61289_003_C7_D1",FALSE
"Plate_9_D5",803,"Plate_9","D5","HSA2019_A4","HSA2019","HSA","HSA2019",FALSE
"Plate_9_D6",811,"Plate_9","D6","HSA2019_A12","HSA2019","HSA","HSA2019",FALSE
"Plate_9_E1",772,"Plate_9","E1","2024_01_17_61289_003_C7_D1_E1","61289_003","C7_D1","61289_003_C7_D1",FALSE
"Plate_9_E2",780,"Plate_9","E2","2024_01_17_61289_003_C7_D1_E2","61289_003","C7_D1","61289_003_C7_D1",TRUE
"Plate_9_E3",788,"Plate_9","E3","2024_01_22_61289_003_C7_D1_E1","61289_003","C7_D1","61289_003_C7_D1",FALSE
"Plate_9_E4",796,"Plate_9","E4","2024_01_22_61289_003_C7_D1_E2","61289_003","C7_D1","61289_003_C7_D1",FALSE
"Plate_9_E5",804,"Plate_9","E5","HSA2019_A5","HSA2019","HSA","HSA2019",FALSE
"Plate_9_E6",812,"Plate_9","E6","HSA2019_B6","HSA2019","HSA","HSA2019",TRUE
"Plate_9_F1",773,"Plate_9","F1","2024_01_17_61289_003_C7_D1_F1","61289_003","C7_D1","61289_003_C7_D1",FALSE
"Plate_9_F2",781,"Plate_9","F2","2024_01_17_61289_003_C7_D1_F2","61289_003","C7_D1","61289_003_C7_D1",TRUE
"Plate_9_F3",789,"Plate_9","F3","2024_01_22_61289_003_C7_D1_F1","61289_003","C7_D1","61289_003_C7_D1",FALSE
"Plate_9_F4",797,"Plate_9","F4","2024_01_22_61289_003_C7_D1_F2","61289_003","C7_D1","61289_003_C7_D1",TRUE
"Plate_9_F5",805,"Plate_9","F5","HSA2019_A6","HSA2019","HSA","HSA2019",FALSE
"Plate_9_F6",813,"Plate_9","F6","HSA2019_B7","HSA2019","HSA","HSA2019",TRUE
"Plate_9_G1",774,"Plate_9","G1","2024_01_17_61289_003_C7_D1_G1","61289_003","C7_D1","61289_003_C7_D1",FALSE
"Plate_9_G2",782,"Plate_9","G2","2024_01_17_61289_003_C7_D1_G2","61289_003","C7_D1","61289_003_C7_D1",FALSE
"Plate_9_G3",790,"Plate_9","G3","2024_01_22_61289_003_C7_D1_G1","61289_003","C7_D1","61289_003_C7_D1",FALSE
"Plate_9_G4",798,"Plate_9","G4","2024_01_22_61289_003_C7_D1_G2","61289_003","C7_D1","61289_003_C7_D1",FALSE
"Plate_9_G5",806,"Plate_9","G5","HSA2019_A7","HSA2019","HSA","HSA2019",FALSE
"Plate_9_G6",814,"Plate_9","G6","HSA2019_B8","HSA2019","HSA","HSA2019",FALSE
"Plate_9_H1",775,"Plate_9","H1","2024_01_17_61289_003_C7_D1_H1","61289_003","C7_D1","61289_003_C7_D1",FALSE
"Plate_9_H2",783,"Plate_9","H2","2024_01_17_61289_003_C7_D1_H2","61289_003","C7_D1","61289_003_C7_D1",FALSE
"Plate_9_H3",791,"Plate_9","H3","2024_01_22_61289_003_C7_D1_H1","61289_003","C7_D1","61289_003_C7_D1",FALSE
"Plate_9_H4",799,"Plate_9","H4","2024_01_22_61289_003_C7_D1_H2","61289_003","C7_D1","61289_003_C7_D1",FALSE
"Plate_9_H5",807,"Plate_9","H5","HSA2019_A8","HSA2019","HSA","HSA2019",FALSE
"Plate_9_H6",815,"Plate_9","H6","HSA2019_B9","HSA2019","HSA","HSA2019",FALSE
